url,site,error
https://www.amazon.com/Mastering-Playwright-Python-Advanced-Framework/dp/B0DC63ZQ6H/ref=sr_1_1?dib=eyJ2IjoiMSJ9.SXZRM8A5WAXoBPEInhsFJKr45Ce8OGLzS5grJ7_OekFvaUHTfDTRTmVOCsJBUQEcPtVmMcRMAgDO-fcb8ZqXvYe6GTzJqCzhETGbkkuqB70.1_8_IXoVZ2TPuQ61kyzmQbi1KDgNSrWdMB_wjTaAr4A&dib_tag=se&keywords=Playwright+Python&qid=1749045777&sr=8-1,amazon,Unknown error
https://www.amazon.com/sspa/click?ie=UTF8&spc=MTo2Nzk1OTQzNTc0MjI0NDk5OjE3NDkwNDU3Nzc6c3BfYXRmOjIwMDA4MDgzODM1NjE5ODo6MDo6&url=%2FPython-Comprehensive-Guide-Hands-Programming%2Fdp%2F149322302X%2Fref%3Dsr_1_2_sspa%3Fdib%3DeyJ2IjoiMSJ9.SXZRM8A5WAXoBPEInhsFJKr45Ce8OGLzS5grJ7_OekFvaUHTfDTRTmVOCsJBUQEcPtVmMcRMAgDO-fcb8ZqXvYe6GTzJqCzhETGbkkuqB70.1_8_IXoVZ2TPuQ61kyzmQbi1KDgNSrWdMB_wjTaAr4A%26dib_tag%3Dse%26keywords%3DPlaywright%2BPython%26qid%3D1749045777%26sr%3D8-2-spons%26sp_csd%3Dd2lkZ2V0TmFtZT1zcF9hdGY%26psc%3D1,amazon,Unknown error
https://www.amazon.com/sspa/click?ie=UTF8&spc=MTo2Nzk1OTQzNTc0MjI0NDk5OjE3NDkwNDU3Nzc6c3BfYXRmOjIwMDEyMDAyODM5MTc5ODo6MDo6&url=%2FPython-Crash-Course-Eric-Matthes%2Fdp%2F1718502702%2Fref%3Dsr_1_3_sspa%3Fdib%3DeyJ2IjoiMSJ9.SXZRM8A5WAXoBPEInhsFJKr45Ce8OGLzS5grJ7_OekFvaUHTfDTRTmVOCsJBUQEcPtVmMcRMAgDO-fcb8ZqXvYe6GTzJqCzhETGbkkuqB70.1_8_IXoVZ2TPuQ61kyzmQbi1KDgNSrWdMB_wjTaAr4A%26dib_tag%3Dse%26keywords%3DPlaywright%2BPython%26qid%3D1749045777%26sr%3D8-3-spons%26sp_csd%3Dd2lkZ2V0TmFtZT1zcF9hdGY%26psc%3D1,amazon,Unknown error
https://www.amazon.com/Fluent-Python-Concise-Effective-Programming/dp/1492056359/ref=sr_1_4?dib=eyJ2IjoiMSJ9.SXZRM8A5WAXoBPEInhsFJKr45Ce8OGLzS5grJ7_OekFvaUHTfDTRTmVOCsJBUQEcPtVmMcRMAgDO-fcb8ZqXvYe6GTzJqCzhETGbkkuqB70.1_8_IXoVZ2TPuQ61kyzmQbi1KDgNSrWdMB_wjTaAr4A&dib_tag=se&keywords=Playwright+Python&qid=1749045777&sr=8-4,amazon,Unknown error
https://www.amazon.com/Bootcamp-Dados-Playwright-Python-Streamlit-ebook/dp/B0DLNC9QXT/ref=sr_1_5?dib=eyJ2IjoiMSJ9.SXZRM8A5WAXoBPEInhsFJKr45Ce8OGLzS5grJ7_OekFvaUHTfDTRTmVOCsJBUQEcPtVmMcRMAgDO-fcb8ZqXvYe6GTzJqCzhETGbkkuqB70.1_8_IXoVZ2TPuQ61kyzmQbi1KDgNSrWdMB_wjTaAr4A&dib_tag=se&keywords=Playwright+Python&qid=1749045777&sr=8-5,amazon,Unknown error
https://www.amazon.com/Modern-Data-Architectures-Python-warehouses/dp/1801070490/ref=sr_1_6?dib=eyJ2IjoiMSJ9.SXZRM8A5WAXoBPEInhsFJKr45Ce8OGLzS5grJ7_OekFvaUHTfDTRTmVOCsJBUQEcPtVmMcRMAgDO-fcb8ZqXvYe6GTzJqCzhETGbkkuqB70.1_8_IXoVZ2TPuQ61kyzmQbi1KDgNSrWdMB_wjTaAr4A&dib_tag=se&keywords=Playwright+Python&qid=1749045777&sr=8-6,amazon,Unknown error
https://www.amazon.com/Playwrights-Guidebook-Insightful-Dramatic-Writing/dp/0571199917/ref=sr_1_7?dib=eyJ2IjoiMSJ9.SXZRM8A5WAXoBPEInhsFJKr45Ce8OGLzS5grJ7_OekFvaUHTfDTRTmVOCsJBUQEcPtVmMcRMAgDO-fcb8ZqXvYe6GTzJqCzhETGbkkuqB70.1_8_IXoVZ2TPuQ61kyzmQbi1KDgNSrWdMB_wjTaAr4A&dib_tag=se&keywords=Playwright+Python&qid=1749045777&sr=8-7,amazon,Unknown error
https://www.amazon.com/Python-Essentials-Always-Self-Learning-Management-ebook/dp/B0DGT3Y71Y/ref=sr_1_8?dib=eyJ2IjoiMSJ9.SXZRM8A5WAXoBPEInhsFJKr45Ce8OGLzS5grJ7_OekFvaUHTfDTRTmVOCsJBUQEcPtVmMcRMAgDO-fcb8ZqXvYe6GTzJqCzhETGbkkuqB70.1_8_IXoVZ2TPuQ61kyzmQbi1KDgNSrWdMB_wjTaAr4A&dib_tag=se&keywords=Playwright+Python&qid=1749045777&sr=8-8,amazon,Unknown error
https://www.amazon.com/Pythonesque-Oberon-Modern-Plays-Smiles/dp/1840029412/ref=sr_1_9?dib=eyJ2IjoiMSJ9.SXZRM8A5WAXoBPEInhsFJKr45Ce8OGLzS5grJ7_OekFvaUHTfDTRTmVOCsJBUQEcPtVmMcRMAgDO-fcb8ZqXvYe6GTzJqCzhETGbkkuqB70.1_8_IXoVZ2TPuQ61kyzmQbi1KDgNSrWdMB_wjTaAr4A&dib_tag=se&keywords=Playwright+Python&qid=1749045777&sr=8-9,amazon,Unknown error
https://www.amazon.com/sspa/click?ie=UTF8&spc=MTo2Nzk1OTQzNTc0MjI0NDk5OjE3NDkwNDU3Nzc6c3BfbXRmOjMwMDYwMTU4MjgzMjcwMjo6MDo6&url=%2FOutlier-Detection-Python-Brett-Kennedy%2Fdp%2F1633436470%2Fref%3Dsr_1_10_sspa%3Fdib%3DeyJ2IjoiMSJ9.SXZRM8A5WAXoBPEInhsFJKr45Ce8OGLzS5grJ7_OekFvaUHTfDTRTmVOCsJBUQEcPtVmMcRMAgDO-fcb8ZqXvYe6GTzJqCzhETGbkkuqB70.1_8_IXoVZ2TPuQ61kyzmQbi1KDgNSrWdMB_wjTaAr4A%26dib_tag%3Dse%26keywords%3DPlaywright%2BPython%26qid%3D1749045777%26sr%3D8-10-spons%26sp_csd%3Dd2lkZ2V0TmFtZT1zcF9tdGY%26psc%3D1,amazon,Unknown error
https://www.amazon.com/sspa/click?ie=UTF8&spc=MTo2Nzk1OTQzNTc0MjI0NDk5OjE3NDkwNDU3Nzc6c3BfbXRmOjMwMDc4ODQ4MDUwODQwMjo6MDo6&url=%2FBuild-Large-Language-Model-Scratch%2Fdp%2F1633437167%2Fref%3Dsr_1_11_sspa%3Fdib%3DeyJ2IjoiMSJ9.SXZRM8A5WAXoBPEInhsFJKr45Ce8OGLzS5grJ7_OekFvaUHTfDTRTmVOCsJBUQEcPtVmMcRMAgDO-fcb8ZqXvYe6GTzJqCzhETGbkkuqB70.1_8_IXoVZ2TPuQ61kyzmQbi1KDgNSrWdMB_wjTaAr4A%26dib_tag%3Dse%26keywords%3DPlaywright%2BPython%26qid%3D1749045777%26sr%3D8-11-spons%26sp_csd%3Dd2lkZ2V0TmFtZT1zcF9tdGY%26psc%3D1,amazon,Unknown error
https://www.amazon.com/sspa/click?ie=UTF8&spc=MTo2Nzk1OTQzNTc0MjI0NDk5OjE3NDkwNDU3Nzc6c3BfYnRmOjMwMDc5MjAwOTU4NTMwMjo6MDo6&url=%2FPython-Depth-Multipurpose-Coder-Programmers%2Fdp%2F1456654993%2Fref%3Dsr_1_12_sspa%3Fdib%3DeyJ2IjoiMSJ9.SXZRM8A5WAXoBPEInhsFJKr45Ce8OGLzS5grJ7_OekFvaUHTfDTRTmVOCsJBUQEcPtVmMcRMAgDO-fcb8ZqXvYe6GTzJqCzhETGbkkuqB70.1_8_IXoVZ2TPuQ61kyzmQbi1KDgNSrWdMB_wjTaAr4A%26dib_tag%3Dse%26keywords%3DPlaywright%2BPython%26qid%3D1749045777%26sr%3D8-12-spons%26sp_csd%3Dd2lkZ2V0TmFtZT1zcF9idGY%26psc%3D1,amazon,Unknown error
https://www.amazon.com/sspa/click?ie=UTF8&spc=MTo2Nzk1OTQzNTc0MjI0NDk5OjE3NDkwNDU3Nzc6c3BfYnRmOjMwMDcxMjQwODMwMTQwMjo6MDo6&url=%2FGreenlight-Your-Tech-Career-Self-Taught%2Fdp%2F106854791X%2Fref%3Dsr_1_13_sspa%3Fdib%3DeyJ2IjoiMSJ9.SXZRM8A5WAXoBPEInhsFJKr45Ce8OGLzS5grJ7_OekFvaUHTfDTRTmVOCsJBUQEcPtVmMcRMAgDO-fcb8ZqXvYe6GTzJqCzhETGbkkuqB70.1_8_IXoVZ2TPuQ61kyzmQbi1KDgNSrWdMB_wjTaAr4A%26dib_tag%3Dse%26keywords%3DPlaywright%2BPython%26qid%3D1749045777%26sr%3D8-13-spons%26sp_csd%3Dd2lkZ2V0TmFtZT1zcF9idGY%26psc%3D1,amazon,Unknown error
https://www.amazon.com/Python-Data-Analysis-Wrangling-Jupyter/dp/109810403X/ref=sr_1_1?dib=eyJ2IjoiMSJ9.Il0S9j6l-sn-ERn_W007kzYRIlooKKR0hqbOXhblqkkIWWNQK2FZh_OcowUQzwnQ6cuESepTtJTmoJQhi28dZV5FwKs5wMfB5hjC1e3Tciv7pEFYQrgU9Qciw_dSPGvtU2Gq7bpk_EMZuITgIEPJM59FRafQSay4GGEAMrAWi26sxdzk2zAIR6brp7EA3VbCaB_pCU4wOb-WthQ4-g4u40JghHdDpPQ4mOFamn9obm4.lUHXhaNtAkwpcvNsP7z2fwaeUz5pv99T9V82yrCRwfc&dib_tag=se&keywords=Data+Science+with+Python&qid=1749045783&sr=8-1,amazon,Unknown error
https://www.amazon.com/sspa/click?ie=UTF8&spc=MTo2MTI4OTU3NTY2MTU3NDoxNzQ5MDQ1NzgzOnNwX2F0ZjozMDAyNTg1MDU2MTM2MDI6OjA6Og&url=%2FGraph-Science-Python-Neo4j-Hands%2Fdp%2F8197081964%2Fref%3Dsr_1_2_sspa%3Fdib%3DeyJ2IjoiMSJ9.Il0S9j6l-sn-ERn_W007kzYRIlooKKR0hqbOXhblqkkIWWNQK2FZh_OcowUQzwnQ6cuESepTtJTmoJQhi28dZV5FwKs5wMfB5hjC1e3Tciv7pEFYQrgU9Qciw_dSPGvtU2Gq7bpk_EMZuITgIEPJM59FRafQSay4GGEAMrAWi26sxdzk2zAIR6brp7EA3VbCaB_pCU4wOb-WthQ4-g4u40JghHdDpPQ4mOFamn9obm4.lUHXhaNtAkwpcvNsP7z2fwaeUz5pv99T9V82yrCRwfc%26dib_tag%3Dse%26keywords%3DData%2BScience%2Bwith%2BPython%26qid%3D1749045783%26sr%3D8-2-spons%26sp_csd%3Dd2lkZ2V0TmFtZT1zcF9hdGY%26psc%3D1,amazon,Unknown error
https://www.amazon.com/sspa/click?ie=UTF8&spc=MTo2MTI4OTU3NTY2MTU3NDoxNzQ5MDQ1NzgzOnNwX2F0ZjozMDA1Mzg1MDc0MzE4MDI6OjA6Og&url=%2FData-Science-Python-Wrangling-Visualization-ebook%2Fdp%2FB0DFT3S114%2Fref%3Dsr_1_3_sspa%3Fdib%3DeyJ2IjoiMSJ9.Il0S9j6l-sn-ERn_W007kzYRIlooKKR0hqbOXhblqkkIWWNQK2FZh_OcowUQzwnQ6cuESepTtJTmoJQhi28dZV5FwKs5wMfB5hjC1e3Tciv7pEFYQrgU9Qciw_dSPGvtU2Gq7bpk_EMZuITgIEPJM59FRafQSay4GGEAMrAWi26sxdzk2zAIR6brp7EA3VbCaB_pCU4wOb-WthQ4-g4u40JghHdDpPQ4mOFamn9obm4.lUHXhaNtAkwpcvNsP7z2fwaeUz5pv99T9V82yrCRwfc%26dib_tag%3Dse%26keywords%3DData%2BScience%2Bwith%2BPython%26qid%3D1749045783%26sr%3D8-3-spons%26sp_csd%3Dd2lkZ2V0TmFtZT1zcF9hdGY%26psc%3D1,amazon,Unknown error
https://www.amazon.com/Python-Data-Science-Handbook-Essential/dp/1098121228/ref=sr_1_4?dib=eyJ2IjoiMSJ9.Il0S9j6l-sn-ERn_W007kzYRIlooKKR0hqbOXhblqkkIWWNQK2FZh_OcowUQzwnQ6cuESepTtJTmoJQhi28dZV5FwKs5wMfB5hjC1e3Tciv7pEFYQrgU9Qciw_dSPGvtU2Gq7bpk_EMZuITgIEPJM59FRafQSay4GGEAMrAWi26sxdzk2zAIR6brp7EA3VbCaB_pCU4wOb-WthQ4-g4u40JghHdDpPQ4mOFamn9obm4.lUHXhaNtAkwpcvNsP7z2fwaeUz5pv99T9V82yrCRwfc&dib_tag=se&keywords=Data+Science+with+Python&qid=1749045783&sr=8-4,amazon,Unknown error
https://www.amazon.com/Data-Science-Scratch-Principles-Python/dp/1492041130/ref=sr_1_5?dib=eyJ2IjoiMSJ9.Il0S9j6l-sn-ERn_W007kzYRIlooKKR0hqbOXhblqkkIWWNQK2FZh_OcowUQzwnQ6cuESepTtJTmoJQhi28dZV5FwKs5wMfB5hjC1e3Tciv7pEFYQrgU9Qciw_dSPGvtU2Gq7bpk_EMZuITgIEPJM59FRafQSay4GGEAMrAWi26sxdzk2zAIR6brp7EA3VbCaB_pCU4wOb-WthQ4-g4u40JghHdDpPQ4mOFamn9obm4.lUHXhaNtAkwpcvNsP7z2fwaeUz5pv99T9V82yrCRwfc&dib_tag=se&keywords=Data+Science+with+Python&qid=1749045783&sr=8-5,amazon,Unknown error
https://www.amazon.com/Python-Data-Science-Example-Vasiliev/dp/1718502206/ref=sr_1_6?dib=eyJ2IjoiMSJ9.Il0S9j6l-sn-ERn_W007kzYRIlooKKR0hqbOXhblqkkIWWNQK2FZh_OcowUQzwnQ6cuESepTtJTmoJQhi28dZV5FwKs5wMfB5hjC1e3Tciv7pEFYQrgU9Qciw_dSPGvtU2Gq7bpk_EMZuITgIEPJM59FRafQSay4GGEAMrAWi26sxdzk2zAIR6brp7EA3VbCaB_pCU4wOb-WthQ4-g4u40JghHdDpPQ4mOFamn9obm4.lUHXhaNtAkwpcvNsP7z2fwaeUz5pv99T9V82yrCRwfc&dib_tag=se&keywords=Data+Science+with+Python&qid=1749045783&sr=8-6,amazon,Unknown error
https://www.amazon.com/Intro-Python-Computer-Science-Data/dp/0135404673/ref=sr_1_7?dib=eyJ2IjoiMSJ9.Il0S9j6l-sn-ERn_W007kzYRIlooKKR0hqbOXhblqkkIWWNQK2FZh_OcowUQzwnQ6cuESepTtJTmoJQhi28dZV5FwKs5wMfB5hjC1e3Tciv7pEFYQrgU9Qciw_dSPGvtU2Gq7bpk_EMZuITgIEPJM59FRafQSay4GGEAMrAWi26sxdzk2zAIR6brp7EA3VbCaB_pCU4wOb-WthQ4-g4u40JghHdDpPQ4mOFamn9obm4.lUHXhaNtAkwpcvNsP7z2fwaeUz5pv99T9V82yrCRwfc&dib_tag=se&keywords=Data+Science+with+Python&qid=1749045783&sr=8-7,amazon,Unknown error
https://www.amazon.com/Data-Science-Python-Environments-Workflows/dp/1098161335/ref=sr_1_8?dib=eyJ2IjoiMSJ9.Il0S9j6l-sn-ERn_W007kzYRIlooKKR0hqbOXhblqkkIWWNQK2FZh_OcowUQzwnQ6cuESepTtJTmoJQhi28dZV5FwKs5wMfB5hjC1e3Tciv7pEFYQrgU9Qciw_dSPGvtU2Gq7bpk_EMZuITgIEPJM59FRafQSay4GGEAMrAWi26sxdzk2zAIR6brp7EA3VbCaB_pCU4wOb-WthQ4-g4u40JghHdDpPQ4mOFamn9obm4.lUHXhaNtAkwpcvNsP7z2fwaeUz5pv99T9V82yrCRwfc&dib_tag=se&keywords=Data+Science+with+Python&qid=1749045783&sr=8-8,amazon,Unknown error
https://www.amazon.com/Murachs-Python-Data-Science-2nd/dp/1943873178/ref=sr_1_9?dib=eyJ2IjoiMSJ9.Il0S9j6l-sn-ERn_W007kzYRIlooKKR0hqbOXhblqkkIWWNQK2FZh_OcowUQzwnQ6cuESepTtJTmoJQhi28dZV5FwKs5wMfB5hjC1e3Tciv7pEFYQrgU9Qciw_dSPGvtU2Gq7bpk_EMZuITgIEPJM59FRafQSay4GGEAMrAWi26sxdzk2zAIR6brp7EA3VbCaB_pCU4wOb-WthQ4-g4u40JghHdDpPQ4mOFamn9obm4.lUHXhaNtAkwpcvNsP7z2fwaeUz5pv99T9V82yrCRwfc&dib_tag=se&keywords=Data+Science+with+Python&qid=1749045783&sr=8-9,amazon,Unknown error
https://www.amazon.com/Python-Data-Science-Handbook-Essential/dp/1491912057/ref=sr_1_10?dib=eyJ2IjoiMSJ9.Il0S9j6l-sn-ERn_W007kzYRIlooKKR0hqbOXhblqkkIWWNQK2FZh_OcowUQzwnQ6cuESepTtJTmoJQhi28dZV5FwKs5wMfB5hjC1e3Tciv7pEFYQrgU9Qciw_dSPGvtU2Gq7bpk_EMZuITgIEPJM59FRafQSay4GGEAMrAWi26sxdzk2zAIR6brp7EA3VbCaB_pCU4wOb-WthQ4-g4u40JghHdDpPQ4mOFamn9obm4.lUHXhaNtAkwpcvNsP7z2fwaeUz5pv99T9V82yrCRwfc&dib_tag=se&keywords=Data+Science+with+Python&qid=1749045783&sr=8-10,amazon,Unknown error
https://www.amazon.com/sspa/click?ie=UTF8&spc=MTo2MTI4OTU3NTY2MTU3NDoxNzQ5MDQ1NzgzOnNwX210ZjoyMDAwODQyNjgxODAxNTE6OjA6Og&url=%2FAce-Data-Science-Interview-Questions%2Fdp%2F0578973839%2Fref%3Dsr_1_11_sspa%3Fdib%3DeyJ2IjoiMSJ9.Il0S9j6l-sn-ERn_W007kzYRIlooKKR0hqbOXhblqkkIWWNQK2FZh_OcowUQzwnQ6cuESepTtJTmoJQhi28dZV5FwKs5wMfB5hjC1e3Tciv7pEFYQrgU9Qciw_dSPGvtU2Gq7bpk_EMZuITgIEPJM59FRafQSay4GGEAMrAWi26sxdzk2zAIR6brp7EA3VbCaB_pCU4wOb-WthQ4-g4u40JghHdDpPQ4mOFamn9obm4.lUHXhaNtAkwpcvNsP7z2fwaeUz5pv99T9V82yrCRwfc%26dib_tag%3Dse%26keywords%3DData%2BScience%2Bwith%2BPython%26qid%3D1749045783%26sr%3D8-11-spons%26sp_csd%3Dd2lkZ2V0TmFtZT1zcF9tdGY%26psc%3D1,amazon,Unknown error
https://www.amazon.com/sspa/click?ie=UTF8&spc=MTo2MTI4OTU3NTY2MTU3NDoxNzQ5MDQ1NzgzOnNwX210ZjoyMDAwNjc1MzQwNzczOTg6OjA6Og&url=%2FModels-Metaphor-Meaning-Data-Convey%2Fdp%2F1477590765%2Fref%3Dsr_1_12_sspa%3Fdib%3DeyJ2IjoiMSJ9.Il0S9j6l-sn-ERn_W007kzYRIlooKKR0hqbOXhblqkkIWWNQK2FZh_OcowUQzwnQ6cuESepTtJTmoJQhi28dZV5FwKs5wMfB5hjC1e3Tciv7pEFYQrgU9Qciw_dSPGvtU2Gq7bpk_EMZuITgIEPJM59FRafQSay4GGEAMrAWi26sxdzk2zAIR6brp7EA3VbCaB_pCU4wOb-WthQ4-g4u40JghHdDpPQ4mOFamn9obm4.lUHXhaNtAkwpcvNsP7z2fwaeUz5pv99T9V82yrCRwfc%26dib_tag%3Dse%26keywords%3DData%2BScience%2Bwith%2BPython%26qid%3D1749045783%26sr%3D8-12-spons%26sp_csd%3Dd2lkZ2V0TmFtZT1zcF9tdGY%26psc%3D1,amazon,Unknown error
https://www.amazon.com/Introduction-Machine-Learning-Python-Scientists/dp/1449369413/ref=sr_1_13?dib=eyJ2IjoiMSJ9.Il0S9j6l-sn-ERn_W007kzYRIlooKKR0hqbOXhblqkkIWWNQK2FZh_OcowUQzwnQ6cuESepTtJTmoJQhi28dZV5FwKs5wMfB5hjC1e3Tciv7pEFYQrgU9Qciw_dSPGvtU2Gq7bpk_EMZuITgIEPJM59FRafQSay4GGEAMrAWi26sxdzk2zAIR6brp7EA3VbCaB_pCU4wOb-WthQ4-g4u40JghHdDpPQ4mOFamn9obm4.lUHXhaNtAkwpcvNsP7z2fwaeUz5pv99T9V82yrCRwfc&dib_tag=se&keywords=Data+Science+with+Python&qid=1749045783&sr=8-13,amazon,Unknown error
https://www.amazon.com/Introduction-Data-Science-Applications-Undergraduate/dp/3031489551/ref=sr_1_14?dib=eyJ2IjoiMSJ9.Il0S9j6l-sn-ERn_W007kzYRIlooKKR0hqbOXhblqkkIWWNQK2FZh_OcowUQzwnQ6cuESepTtJTmoJQhi28dZV5FwKs5wMfB5hjC1e3Tciv7pEFYQrgU9Qciw_dSPGvtU2Gq7bpk_EMZuITgIEPJM59FRafQSay4GGEAMrAWi26sxdzk2zAIR6brp7EA3VbCaB_pCU4wOb-WthQ4-g4u40JghHdDpPQ4mOFamn9obm4.lUHXhaNtAkwpcvNsP7z2fwaeUz5pv99T9V82yrCRwfc&dib_tag=se&keywords=Data+Science+with+Python&qid=1749045783&sr=8-14,amazon,Unknown error
https://www.amazon.com/Practical-Statistics-Data-Scientists-Essential/dp/149207294X/ref=sr_1_15?dib=eyJ2IjoiMSJ9.Il0S9j6l-sn-ERn_W007kzYRIlooKKR0hqbOXhblqkkIWWNQK2FZh_OcowUQzwnQ6cuESepTtJTmoJQhi28dZV5FwKs5wMfB5hjC1e3Tciv7pEFYQrgU9Qciw_dSPGvtU2Gq7bpk_EMZuITgIEPJM59FRafQSay4GGEAMrAWi26sxdzk2zAIR6brp7EA3VbCaB_pCU4wOb-WthQ4-g4u40JghHdDpPQ4mOFamn9obm4.lUHXhaNtAkwpcvNsP7z2fwaeUz5pv99T9V82yrCRwfc&dib_tag=se&keywords=Data+Science+with+Python&qid=1749045783&sr=8-15,amazon,Unknown error
https://www.amazon.com/Python-Data-Science-Dummies-Computer/dp/139421314X/ref=sr_1_16?dib=eyJ2IjoiMSJ9.Il0S9j6l-sn-ERn_W007kzYRIlooKKR0hqbOXhblqkkIWWNQK2FZh_OcowUQzwnQ6cuESepTtJTmoJQhi28dZV5FwKs5wMfB5hjC1e3Tciv7pEFYQrgU9Qciw_dSPGvtU2Gq7bpk_EMZuITgIEPJM59FRafQSay4GGEAMrAWi26sxdzk2zAIR6brp7EA3VbCaB_pCU4wOb-WthQ4-g4u40JghHdDpPQ4mOFamn9obm4.lUHXhaNtAkwpcvNsP7z2fwaeUz5pv99T9V82yrCRwfc&dib_tag=se&keywords=Data+Science+with+Python&qid=1749045783&sr=8-16,amazon,Unknown error
https://www.amazon.com/Practical-Data-Science-Python-hands/dp/1801071977/ref=sr_1_17?dib=eyJ2IjoiMSJ9.Il0S9j6l-sn-ERn_W007kzYRIlooKKR0hqbOXhblqkkIWWNQK2FZh_OcowUQzwnQ6cuESepTtJTmoJQhi28dZV5FwKs5wMfB5hjC1e3Tciv7pEFYQrgU9Qciw_dSPGvtU2Gq7bpk_EMZuITgIEPJM59FRafQSay4GGEAMrAWi26sxdzk2zAIR6brp7EA3VbCaB_pCU4wOb-WthQ4-g4u40JghHdDpPQ4mOFamn9obm4.lUHXhaNtAkwpcvNsP7z2fwaeUz5pv99T9V82yrCRwfc&dib_tag=se&keywords=Data+Science+with+Python&qid=1749045783&sr=8-17,amazon,Unknown error
https://www.amazon.com/Science-Business-People-Bradford-Tuckfield/dp/1718502885/ref=sr_1_18?dib=eyJ2IjoiMSJ9.Il0S9j6l-sn-ERn_W007kzYRIlooKKR0hqbOXhblqkkIWWNQK2FZh_OcowUQzwnQ6cuESepTtJTmoJQhi28dZV5FwKs5wMfB5hjC1e3Tciv7pEFYQrgU9Qciw_dSPGvtU2Gq7bpk_EMZuITgIEPJM59FRafQSay4GGEAMrAWi26sxdzk2zAIR6brp7EA3VbCaB_pCU4wOb-WthQ4-g4u40JghHdDpPQ4mOFamn9obm4.lUHXhaNtAkwpcvNsP7z2fwaeUz5pv99T9V82yrCRwfc&dib_tag=se&keywords=Data+Science+with+Python&qid=1749045783&sr=8-18,amazon,Unknown error
https://www.amazon.com/Foundational-Python-Science-Addison-Wesley-Analytics/dp/0136624359/ref=sr_1_19?dib=eyJ2IjoiMSJ9.Il0S9j6l-sn-ERn_W007kzYRIlooKKR0hqbOXhblqkkIWWNQK2FZh_OcowUQzwnQ6cuESepTtJTmoJQhi28dZV5FwKs5wMfB5hjC1e3Tciv7pEFYQrgU9Qciw_dSPGvtU2Gq7bpk_EMZuITgIEPJM59FRafQSay4GGEAMrAWi26sxdzk2zAIR6brp7EA3VbCaB_pCU4wOb-WthQ4-g4u40JghHdDpPQ4mOFamn9obm4.lUHXhaNtAkwpcvNsP7z2fwaeUz5pv99T9V82yrCRwfc&dib_tag=se&keywords=Data+Science+with+Python&qid=1749045783&sr=8-19,amazon,Unknown error
https://www.amazon.com/Practical-Linear-Algebra-Data-Science/dp/1098120612/ref=sr_1_20?dib=eyJ2IjoiMSJ9.Il0S9j6l-sn-ERn_W007kzYRIlooKKR0hqbOXhblqkkIWWNQK2FZh_OcowUQzwnQ6cuESepTtJTmoJQhi28dZV5FwKs5wMfB5hjC1e3Tciv7pEFYQrgU9Qciw_dSPGvtU2Gq7bpk_EMZuITgIEPJM59FRafQSay4GGEAMrAWi26sxdzk2zAIR6brp7EA3VbCaB_pCU4wOb-WthQ4-g4u40JghHdDpPQ4mOFamn9obm4.lUHXhaNtAkwpcvNsP7z2fwaeUz5pv99T9V82yrCRwfc&dib_tag=se&keywords=Data+Science+with+Python&qid=1749045783&sr=8-20,amazon,Unknown error
https://www.amazon.com/sspa/click?ie=UTF8&spc=MTo2MTI4OTU3NTY2MTU3NDoxNzQ5MDQ1NzgzOnNwX2J0ZjoyMDAwODY5MDQ5NDUxOTg6OjA6Og&url=%2FStorytelling-Data-Visualization-Business-Professionals%2Fdp%2F1119002257%2Fref%3Dsr_1_21_sspa%3Fdib%3DeyJ2IjoiMSJ9.Il0S9j6l-sn-ERn_W007kzYRIlooKKR0hqbOXhblqkkIWWNQK2FZh_OcowUQzwnQ6cuESepTtJTmoJQhi28dZV5FwKs5wMfB5hjC1e3Tciv7pEFYQrgU9Qciw_dSPGvtU2Gq7bpk_EMZuITgIEPJM59FRafQSay4GGEAMrAWi26sxdzk2zAIR6brp7EA3VbCaB_pCU4wOb-WthQ4-g4u40JghHdDpPQ4mOFamn9obm4.lUHXhaNtAkwpcvNsP7z2fwaeUz5pv99T9V82yrCRwfc%26dib_tag%3Dse%26keywords%3DData%2BScience%2Bwith%2BPython%26qid%3D1749045783%26sr%3D8-21-spons%26sp_csd%3Dd2lkZ2V0TmFtZT1zcF9idGY%26psc%3D1,amazon,Unknown error
https://www.amazon.com/sspa/click?ie=UTF8&spc=MTo2MTI4OTU3NTY2MTU3NDoxNzQ5MDQ1NzgzOnNwX2J0ZjozMDA3OTAwMzY2NzQxMDI6OjA6Og&url=%2FPython-Standard-Library-Quickstudy-Laminated%2Fdp%2F1423244230%2Fref%3Dsr_1_22_sspa%3Fdib%3DeyJ2IjoiMSJ9.Il0S9j6l-sn-ERn_W007kzYRIlooKKR0hqbOXhblqkkIWWNQK2FZh_OcowUQzwnQ6cuESepTtJTmoJQhi28dZV5FwKs5wMfB5hjC1e3Tciv7pEFYQrgU9Qciw_dSPGvtU2Gq7bpk_EMZuITgIEPJM59FRafQSay4GGEAMrAWi26sxdzk2zAIR6brp7EA3VbCaB_pCU4wOb-WthQ4-g4u40JghHdDpPQ4mOFamn9obm4.lUHXhaNtAkwpcvNsP7z2fwaeUz5pv99T9V82yrCRwfc%26dib_tag%3Dse%26keywords%3DData%2BScience%2Bwith%2BPython%26qid%3D1749045783%26sr%3D8-22-spons%26sp_csd%3Dd2lkZ2V0TmFtZT1zcF9idGY%26psc%3D1,amazon,Unknown error
