asin,authors,description,hash,isbn10,isbn13,publication_date,publication_year,site,title,url
B0DC63ZQ6H,"['bhanuprasad D', 'Bhanuprasad D']","Mastering Playwright with Python: From Basics to Advanced Framework DesignUnlock the full potential of test automation with Playwright and Python! This comprehensive guide takes you on a journey from the basics of Playwright to the advanced concepts of building robust and scalable test automation frameworks. Whether you're a beginner or an experienced tester, this book equips you with the knowledge and skills to master end-to-end testing using Playwright.What's Inside:Introduction to Playwright with Python:Discover why Playwright is the go-to choice for modern test automation and learn how to set up your environment for seamless test execution.Core Concepts of Playwright:Dive deep into the Playwright API and understand how to work with browser contexts, pages, and elements.Advanced Playwright Features:Handle complex scenarios such as iframes, file uploads/downloads, network request interception, and mobile device emulation with ease.Designing a Test Automation Framework:Learn key principles of framework design including modularity, maintainability, scalability, configurability, and robustness. Build a solid foundation for your test automation suite.Debugging and Handling Common Issues:Gain insights into effective debugging techniques and learn how to handle common issues like element not found, timeouts, authentication, and network issues.Integrating Playwright with Other Tools and Frameworks:Enhance your test automation capabilities by integrating Playwright with Jenkins for continuous integration, pytest for powerful test execution, Allure for detailed reporting, and CI/CD pipelines using GitHub Actions.Future Trends in Test Automation:Stay ahead of the curve with insights into future trends such as AI and machine learning in test automation, shift-left testing, and cloud-based testing.Additional Resources for Learning:Explore a curated list of resources to continue your learning journey and stay updated with the latest trends in test automation.Why Choose This Book?Comprehensive Coverage: From the basics to advanced techniques, this book covers everything you need to know about Playwright with Python.Practical Examples: Detailed coding examples and real-world scenarios help you apply what you've learned.Best Practices: Learn best practices for designing, maintaining, and scaling your test automation framework.Future-Proof: Stay updated with future trends and continuously improve your test automation strategy.Whether you're aiming to enhance your skills, improve your team's productivity, or deliver high-quality software faster, ""Mastering Playwright with Python"" is your ultimate guide to becoming a test automation expert.About the AuthorWith years of experience in test automation and software development, [Author's Name] shares practical insights and hands-on techniques to help you succeed in the ever-evolving field of test automation. Passionate about teaching and sharing knowledge, [Author's Name] has crafted this book to empower testers and developers to build robust, efficient, and scalable test automation frameworks.",49a9c22ea784fb9f93c1ed0aec2c4e1570cf4df6fef903ade62c700ef8f958c8,N/A,N/A,"August 4, 2024",2024,amazon,Mastering Playwright with Python: From Basics to Advanced Framework Design,https://www.amazon.com/Mastering-Playwright-Python-Advanced-Framework/dp/B0DC63ZQ6H/ref=sr_1_1?dib=eyJ2IjoiMSJ9.SXZRM8A5WAXoBPEInhsFJKr45Ce8OGLzS5grJ7_OekFvaUHTfDTRTmVOCsJBUQEcPtVmMcRMAgDO-fcb8ZqXvYe6GTzJqCzhETGbkkuqB70.3NCSLFKmKYxL-jYI2awm4HtrqOrEIM7TqMEEL1eFleo&dib_tag=se&keywords=Playwright+Python&qid=1749169362&sr=8-1
149322302X,"['Johannes Ernesti', 'Peter Kaiser']","2023 IBPA Benjamin Franklin Award Gold Winner: Professional and Technical Category Ready to master Python? Learn to write effective code with this award-winning comprehensive guide, whether you‚Äôre a beginner or a professional programmer. Review core Python concepts, including functions, modularization, and object orientation and walk through the available data types. Then dive into more advanced topics, such as using Django and working with GUIs. With plenty of code examples throughout, this hands-on reference guide has everything you need to become proficient in Python!The complete Python 3 handbook  Learn basic Python principles and work with functions, methods, data types, and moreWalk through GUIs, network programming, debugging, optimization, and other advanced topicsConsult and download practical code examplesCoding with PythonLearn about Python syntax and structure. Follow examples to start developing and testing your own programs using downloadable code.The Standard LibraryExplore Python‚Äôs built-in library and see how it can be used for a variety of different tasks, from running your mathematical functions to debugging your code. Advanced Programming TechniquesAlready know the basics? Enhance your professional skills with more advanced concepts, including GUIs, Django, scientific computing, and connecting to other languages.",6f60807e35449e6f9413ea654222c3617d3e4ace2e0add7efc50084f0531eaaf,N/A,978-1493223022,"September 26, 2022",2022,amazon,Python 3: The Comprehensive Guide to Hands-On Python Programming (Rheinwerk Computing),https://www.amazon.com/Python-Comprehensive-Guide-Hands-Programming/dp/149322302X/ref=sr_1_2_sspa?dib=eyJ2IjoiMSJ9.SXZRM8A5WAXoBPEInhsFJKr45Ce8OGLzS5grJ7_OekFvaUHTfDTRTmVOCsJBUQEcPtVmMcRMAgDO-fcb8ZqXvYe6GTzJqCzhETGbkkuqB70.3NCSLFKmKYxL-jYI2awm4HtrqOrEIM7TqMEEL1eFleo&dib_tag=se&keywords=Playwright+Python&qid=1749169362&sr=8-2-spons&sp_csd=d2lkZ2V0TmFtZT1zcF9hdGY&psc=1
B09DMW3QWN,['Brady Ellison'],"Ready to start this new journey into the Python‚Äôs world?Python is the ideal language to learn for budding developers. It is a modern object-oriented programming language with easy to read code and an extensive internet bank of modules.It offers high-level dynamic data types, many built-in functions, and operators, classes, garbage collection, and supports dynamic typing. Python runs on just about any device. Python is an OSI approved open-source software application that makes it free to download and install.Python For Beginners: A crash course to learn Python Programming in 1 Week will take you through the basics of getting started with Python programming step by step. This tutorial will teach you everything you need to know to get you to the next programming level.The book covers all the Python basics, with follow-along examples and exercises, giving you a hands-on learning approach. By the time you have made your way through the book, you will be ready to tackle the beginner‚Äôs and a few intermediate projects waiting for you at the end of it.This book covers where to and how to download and install Python. You will learn how to download and install PyCharm which is an integrated development environment where you will learn to write code. The content covers all the basics such as variables, statements, functions, keywords, data types, and more.Python For Beginners: A crash course to learn Python Programming in 1 Week has everything you need to learn to comfortably move on to more advanced programming. It is an entry-level tutorial guide that makes Python easy and fun to learn.Get your copy Now",3ec33fbc71b2417cbda6120c7e1a8698bbe9b1b4f0fa30c494150ba8d50485d7,N/A,N/A,"August 25, 2021",2021,amazon,Python for Beginners: A crash course to learn Python Programming in 1 Week (Programming Languages for Beginners),https://www.amazon.com/Python-Beginners-crash-course-Programming/dp/B09DMW3QWN/ref=sr_1_3_sspa?dib=eyJ2IjoiMSJ9.SXZRM8A5WAXoBPEInhsFJKr45Ce8OGLzS5grJ7_OekFvaUHTfDTRTmVOCsJBUQEcPtVmMcRMAgDO-fcb8ZqXvYe6GTzJqCzhETGbkkuqB70.3NCSLFKmKYxL-jYI2awm4HtrqOrEIM7TqMEEL1eFleo&dib_tag=se&keywords=Playwright+Python&qid=1749169362&sr=8-3-spons&sp_csd=d2lkZ2V0TmFtZT1zcF9hdGY&psc=1
1492056359,['Luciano Ramalho'],"Don't waste time bending Python to fit patterns you've learned in other languages. Python's simplicity lets you become productive quickly, but often this means you aren't using everything the language has to offer. With the updated edition of this hands-on guide, you'll learn how to write effective, modern Python 3 code by leveraging its best ideas.  Discover and apply idiomatic Python 3 features beyond your past experience. Author Luciano Ramalho guides you through Python's core language features and libraries and teaches you how to make your code shorter, faster, and more readable.  Complete with major updates throughout, this new edition features five parts that work as five short books within the book: Data structures: Sequences, dicts, sets, Unicode, and data classes Functions as objects: First-class functions, related design patterns, and type hints in function declarations Object-oriented idioms: Composition, inheritance, mixins, interfaces, operator overloading, protocols, and more static types Control flow: Context managers, generators, coroutines, async/await, and thread/process pools Metaprogramming: Properties, attribute descriptors, class decorators, and new class metaprogramming hooks that replace or simplify metaclasses",e22fed27d5f03ae34b50edbad50dc10446e8ae90be4654ecff548bd8d97c5c0d,1492056359,978-1492056355,"May 10, 2022",2022,amazon,"Fluent Python: Clear, Concise, and Effective Programming",https://www.amazon.com/Fluent-Python-Concise-Effective-Programming/dp/1492056359/ref=sr_1_4?dib=eyJ2IjoiMSJ9.SXZRM8A5WAXoBPEInhsFJKr45Ce8OGLzS5grJ7_OekFvaUHTfDTRTmVOCsJBUQEcPtVmMcRMAgDO-fcb8ZqXvYe6GTzJqCzhETGbkkuqB70.3NCSLFKmKYxL-jYI2awm4HtrqOrEIM7TqMEEL1eFleo&dib_tag=se&keywords=Playwright+Python&qid=1749169362&sr=8-4
B0DLNC9QXT,['Rogerio Ferreira'],1. Introdu√ß√£o2. O Ambiente3. Usando o GitHub4. README.md e Ambiente Virtual5. Iniciando o Reposit√≥rio e o Primeiro Commit6. Integrando o VS Code com o GitHub e Fazendo o Push7. Playwright - Extraindo Dados da Internet8. Streamlit - Parte 1 (main.py)9. Streamlit - Parte 2 (1_empresas.py)10. Streamlit - Parte 3 (2_clientes.py)11. Deploy - Streamlit Community Cloud,a2a19466ae03fb642044189e168a2b11a862eb7a9a038679e8f21a574f7ac44d,N/A,N/A,"October 31, 2024",2024,amazon,"Bootcamp de Dados com Playwright, Python e Streamlit: Aprenda como fazer um Projeto Real de Dados (end-to-end): Extra√ß√£o, An√°lise, Visualiza√ß√£o de Dados e Deploy em Produ√ß√£o (Portuguese Edition)",https://www.amazon.com/Bootcamp-Dados-Playwright-Python-Streamlit-ebook/dp/B0DLNC9QXT/ref=sr_1_5?dib=eyJ2IjoiMSJ9.SXZRM8A5WAXoBPEInhsFJKr45Ce8OGLzS5grJ7_OekFvaUHTfDTRTmVOCsJBUQEcPtVmMcRMAgDO-fcb8ZqXvYe6GTzJqCzhETGbkkuqB70.3NCSLFKmKYxL-jYI2awm4HtrqOrEIM7TqMEEL1eFleo&dib_tag=se&keywords=Playwright+Python&qid=1749169362&sr=8-5
1801070490,['Brian Brian Lipp'],"Build scalable and reliable data ecosystems using Data Mesh, Databricks Spark, and KafkaKey FeaturesDevelop modern data skills used in emerging technologiesLearn pragmatic design methodologies such as Data Mesh and data lakehousesGain a deeper understanding of data governancePurchase of the print or Kindle book includes a free PDF eBookBook DescriptionModern Data Architectures with Python will teach you how to seamlessly incorporate your machine learning and data science work streams into your open data platforms. You‚Äôll learn how to take your data and create open lakehouses that work with any technology using tried-and-true techniques, including the medallion architecture and Delta Lake.Starting with the fundamentals, this book will help you build pipelines on Databricks, an open data platform, using SQL and Python. You‚Äôll gain an understanding of notebooks and applications written in Python using standard software engineering tools such as git, pre-commit, Jenkins, and Github. Next, you‚Äôll delve into streaming and batch-based data processing using Apache Spark and Confluent Kafka. As you advance, you‚Äôll learn how to deploy your resources using infrastructure as code and how to automate your workflows and code development. Since any data platform's ability to handle and work with AI and ML is a vital component, you‚Äôll also explore the basics of ML and how to work with modern MLOps tooling. Finally, you‚Äôll get hands-on experience with Apache Spark, one of the key data technologies in today‚Äôs market.By the end of this book, you‚Äôll have amassed a wealth of practical and theoretical knowledge to build, manage, orchestrate, and architect your data ecosystems.What you will learnUnderstand data patterns including delta architectureDiscover how to increase performance with Spark internalsFind out how to design critical data diagramsExplore MLOps with tools such as AutoML and MLflowGet to grips with building data products in a data meshDiscover data governance and build confidence in your dataIntroduce data visualizations and dashboards into your data practiceWho this book is forThis book is for developers, analytics engineers, and managers looking to further develop a data ecosystem within their organization. While they‚Äôre not prerequisites, basic knowledge of Python and prior experience with data will help you to read and follow along with the examples.Table of ContentsModern Data Processing ArchitecturesBasics of Data Analytics EngineeringCloud Storage and Processing ConceptsPython Batch and Stream Processing with SparkStreaming Data with KafkaPython MLOpsPython and SQL based VisualizationsIntegrating CI into your workflowData OrchestrationData GovernanceIntroduction to Saturn Insurance, Deploying CI and ELTData Governance and Dashboards",26494ba01fc63a319a5a0ea675aedaac6cc8ee0e2f934cea4ebfd9b6220a987f,1801070490,N/A,"September 29, 2023",2023,amazon,"Modern Data Architectures with Python: A practical guide to building and deploying data pipelines, data warehouses, and data lakes with Python",https://www.amazon.com/Modern-Data-Architectures-Python-warehouses/dp/1801070490/ref=sr_1_6?dib=eyJ2IjoiMSJ9.SXZRM8A5WAXoBPEInhsFJKr45Ce8OGLzS5grJ7_OekFvaUHTfDTRTmVOCsJBUQEcPtVmMcRMAgDO-fcb8ZqXvYe6GTzJqCzhETGbkkuqB70.3NCSLFKmKYxL-jYI2awm4HtrqOrEIM7TqMEEL1eFleo&dib_tag=se&keywords=Playwright+Python&qid=1749169362&sr=8-6
0571199917,['Stuart Spencer'],"An accessible, contemporary guide to the art of dramatic writingDuring the ten years that Stuart Spencer has taught playwriting, he has struggled to find an effective playwriting handbook for his courses. Although most of the currently popular handbooks have good ideas in them, they all suffer from the same problems: they're poorly organized; are composed mostly of quirky, idiosyncratic advice on how specific playwrights have gone about writing their own work; and are full of abstract theorizing on the nature of art. As a result, they fail to offer any concrete information on how to construct a well-written play or any useful guidelines and exercises. Moreover, few of these books are actually written by working playwrights. Out of frustration, Spencer wrote his own book. The result, The Playwright's Guidebook, is a clear, concise, and engaging handbook. Spencer addresses the important principles of structure, includes insightful writing exercises that build upon one another, explores the creative process, and troubleshoots recurrent problems that playwrights actually face.",3eabf4e796a227460ea754e03cdcc00f833dd1c3ee6dc3a4f90a0095e7355cc0,N/A,978-0571199914,"March 29, 2002",2002,amazon,The Playwright's Guidebook: An Insightful Primer on the Art of Dramatic Writing,https://www.amazon.com/Playwrights-Guidebook-Insightful-Dramatic-Writing/dp/0571199917/ref=sr_1_7?dib=eyJ2IjoiMSJ9.SXZRM8A5WAXoBPEInhsFJKr45Ce8OGLzS5grJ7_OekFvaUHTfDTRTmVOCsJBUQEcPtVmMcRMAgDO-fcb8ZqXvYe6GTzJqCzhETGbkkuqB70.3NCSLFKmKYxL-jYI2awm4HtrqOrEIM7TqMEEL1eFleo&dib_tag=se&keywords=Playwright+Python&qid=1749169362&sr=8-7
B0DGT3Y71Y,"['Shawn Peters', 'Vibrant Publishers']","Learn Python the Easy Way with No Prior Experience!Key Features include:Comprehensive coverage of Python basicsIdeal for beginners and career changersReal-world applications and case studies Practical examples and quizzes for reinforcement Get ready to program with Python- one of the most in-demand skills of this decade! If you are interested in learning programming, but not sure where to start, Python Essentials You Always Wanted to Know  is your guide to learning Python, one of the most versatile and beginner-friendly programming languages. This book is designed with absolute beginners in mind, focusing on clear explanations and practical examples rather than technical jargon. Regardless of skill level, there‚Äôs something here for everyone, from the basics of programming logic to more advanced topics like object-oriented programming and error handling. Whether you‚Äôre a student, a professional transitioning into tech, or simply curious about coding, this book will help you to think like a programmer and enhance your programming skills.The book also includes a chapter dedicated to case studies, giving you the opportunity to practice and apply the discussed concepts. Additionally, you will gain exclusive access to an online glossary of functions and methods mentioned throughout the book to help you retain and understand crucial programming terms.After reading this book, you‚Äôll be able to:Understand programming fundamentals and Python syntaxApply data structures, functions, and modular programmingImplement object-oriented principles in your projectsLeverage Python for data analysis and business insights  Part of Vibrant Publishers‚Äô Self-Learning Management Series, the book serves as a valuable guide for developing programming skills to complement your existing expertise and advance your career.",2f1f2f4bc97314fdcf86f5ca77bfb70b8c148bdaf8b3c935e9e620cbd6a325b9,N/A,N/A,"December 9, 2024",2024,amazon,Python Essentials You Always Wanted to Know (Self-Learning Management Series),https://www.amazon.com/Python-Essentials-Always-Self-Learning-Management-ebook/dp/B0DGT3Y71Y/ref=sr_1_8?dib=eyJ2IjoiMSJ9.SXZRM8A5WAXoBPEInhsFJKr45Ce8OGLzS5grJ7_OekFvaUHTfDTRTmVOCsJBUQEcPtVmMcRMAgDO-fcb8ZqXvYe6GTzJqCzhETGbkkuqB70.3NCSLFKmKYxL-jYI2awm4HtrqOrEIM7TqMEEL1eFleo&dib_tag=se&keywords=Playwright+Python&qid=1749169362&sr=8-8
1840029412,['Roy Smiles'],"See Cleese's first audition. Hear the simpering paternalism of David Frost. Be touched by the religious furore over the 'Life of Brian'. Comprehend the true meaning of the coconuts in 'Monty Python and the Holy Grail'!Pythonesque premiered at the Edinburgh Comedy Festival, in August 2009.",9f6f79cc43904af3ce956dd3b7a6acd21355a46f84ce8777bced5a226fe19ed2,1840029412,978-1840029413,"August 7, 2009",2009,amazon,Pythonesque (Oberon Modern Plays),https://www.amazon.com/Pythonesque-Oberon-Modern-Plays-Smiles/dp/1840029412/ref=sr_1_9?dib=eyJ2IjoiMSJ9.SXZRM8A5WAXoBPEInhsFJKr45Ce8OGLzS5grJ7_OekFvaUHTfDTRTmVOCsJBUQEcPtVmMcRMAgDO-fcb8ZqXvYe6GTzJqCzhETGbkkuqB70.3NCSLFKmKYxL-jYI2awm4HtrqOrEIM7TqMEEL1eFleo&dib_tag=se&keywords=Playwright+Python&qid=1749169362&sr=8-9
1617295450,['Miguel Morales'],"Grokking Deep Reinforcement Learning uses engaging exercises to teach you how to build deep learning systems. This book combines annotated Python code with intuitive explanations to explore DRL techniques. You‚Äôll see how algorithms function and learn to develop your own DRL agents using evaluative feedback.Summary We all learn through trial and error. We avoid the things that cause us to experience pain and failure. We embrace and build on the things that give us reward and success. This common pattern is the foundation of deep reinforcement learning: building machine learning systems that explore and learn based on the responses of the environment. Grokking Deep Reinforcement Learning introduces this powerful machine learning approach, using examples, illustrations, exercises, and crystal-clear teaching. You'll love the perfectly paced teaching and the clever, engaging writing style as you dig into this awesome exploration of reinforcement learning fundamentals, effective deep learning techniques, and practical applications in this emerging field.  Purchase of the print book includes a free eBook in PDF, Kindle, and ePub formats from Manning Publications.  About the technology We learn by interacting with our environment, and the rewards or punishments we experience guide our future behavior. Deep reinforcement learning brings that same natural process to artificial intelligence, analyzing results to uncover the most efficient ways forward. DRL agents can improve marketing campaigns, predict stock performance, and beat grand masters in Go and chess.  About the book Grokking Deep Reinforcement Learning uses engaging exercises to teach you how to build deep learning systems. This book combines annotated Python code with intuitive explanations to explore DRL techniques. You‚Äôll see how algorithms function and learn to develop your own DRL agents using evaluative feedback.  What's inside An introduction to reinforcement learning DRL agents with human-like behaviors Applying DRL to complex situations  About the reader For developers with basic deep learning experience.  About the author Miguel Morales works on reinforcement learning at Lockheed Martin and is an instructor for the Georgia Institute of Technology‚Äôs Reinforcement Learning and Decision Making course.  Table of Contents  1 Introduction to deep reinforcement learning  2 Mathematical foundations of reinforcement learning  3 Balancing immediate and long-term goals  4 Balancing the gathering and use of information  5 Evaluating agents‚Äô behaviors  6 Improving agents‚Äô behaviors  7 Achieving goals more effectively and efficiently  8 Introduction to value-based deep reinforcement learning  9 More stable value-based methods  10 Sample-efficient value-based methods  11 Policy-gradient and actor-critic methods  12 Advanced actor-critic methods  13 Toward artificial general intelligence",2e33615a0fb579bb507260c926b50e8292d21a6f0f3a6db5e0d5d3d8c3679509,1617295450,N/A,"November 10, 2020",2020,amazon,Grokking Deep Reinforcement Learning,https://www.amazon.com/Grokking-Reinforcement-Learning-Miguel-Morales/dp/1617295450/ref=sr_1_10_sspa?dib=eyJ2IjoiMSJ9.SXZRM8A5WAXoBPEInhsFJKr45Ce8OGLzS5grJ7_OekFvaUHTfDTRTmVOCsJBUQEcPtVmMcRMAgDO-fcb8ZqXvYe6GTzJqCzhETGbkkuqB70.3NCSLFKmKYxL-jYI2awm4HtrqOrEIM7TqMEEL1eFleo&dib_tag=se&keywords=Playwright+Python&qid=1749169362&sr=8-10-spons&sp_csd=d2lkZ2V0TmFtZT1zcF9tdGY&psc=1
1633436470,['Brett Kennedy'],"Learn how to identify the unusual, interesting, extreme, or inaccurate parts of your data.Data scientists have two main tasks: finding patterns in data and finding the exceptions. These outliers are often the most informative parts of data, revealing hidden insights, novel patterns, and potential problems. Outlier Detection in Python is a practical guide to spotting the parts of a dataset that deviate from the norm, even when they're hidden or intertwined among the expected data points. In Outlier Detection in Python you'll learn how to: ‚Ä¢ Use standard Python libraries to identify outliers ‚Ä¢ Select the most appropriate detection methods ‚Ä¢ Combine multiple outlier detection methods for improved results ‚Ä¢ Interpret your results effectively ‚Ä¢ Work with numeric, categorical, time series, and text data  Outlier detection is a vital tool for modern business, whether it's discovering new products, expanding markets, or flagging fraud and other suspicious activities. This guide presents the core tools for outlier detection, as well as techniques utilizing the Python data stack familiar to data scientists. To get started, you'll only need a basic understanding of statistics and the Python data ecosystem.  Purchase of the print book includes a free eBook in PDF and ePub formats from Manning Publications.  About the technology  Outliers‚Äîvalues that appear inconsistent with the rest of your data‚Äîcan be the key to identifying fraud, performing a security audit, spotting bot activity, or just assessing the quality of a dataset. This unique guide introduces the outlier detection tools, techniques, and algorithms you‚Äôll need to find, understand, and respond to the anomalies in your data.  About the book  Outlier Detection in Python illustrates the principles and practices of outlier detection with diverse real-world examples including social media, finance, network logs, and other important domains. You‚Äôll explore a comprehensive set of statistical methods and machine learning approaches to identify and interpret the unexpected values in tabular, text, time series, and image data. Along the way, you‚Äôll explore scikit-learn and PyOD, apply key OD algorithms, and add some high value techniques for real world OD scenarios to your toolkit.  What's inside ‚Ä¢ Python libraries to identify outliers ‚Ä¢ Combine outlier detection methods ‚Ä¢ Interpret your results About the reader  For Python programmers familiar with tools like pandas and NumPy, and the basics of statistics.  About the author  Brett Kennedy is a data scientist with over thirty years‚Äô experience in software development and data science.  Table fo Contents  Part 1 1 Introducing outlier detection 2 Simple outlier detection 3 Machine learning-based outlier detection 4 The outlier detection process Part 2 5 Outlier detection using scikit-learn 6 The PyOD library 7 Additional libraries and algorithms for outlier detection Part 3 8 Evaluating detectors and parameters 9 Working with specific data types 10 Handling very large and very small datasets 11 Synthetic data for outlier detection 12 Collective outliers 13 Explainable outlier detection 14 Ensembles of outlier detectors 15 Working with outlier detection predictions Part 4 16 Deep learning-based outlier detection 17 Time-series data",9fb4220759acae36cb21da87d1366da286730150229fa518ffd8cfe14de014a0,N/A,978-1633436473,"January 7, 2025",2025,amazon,Outlier Detection in Python,https://www.amazon.com/Outlier-Detection-Python-Brett-Kennedy/dp/1633436470/ref=sr_1_11_sspa?dib=eyJ2IjoiMSJ9.SXZRM8A5WAXoBPEInhsFJKr45Ce8OGLzS5grJ7_OekFvaUHTfDTRTmVOCsJBUQEcPtVmMcRMAgDO-fcb8ZqXvYe6GTzJqCzhETGbkkuqB70.3NCSLFKmKYxL-jYI2awm4HtrqOrEIM7TqMEEL1eFleo&dib_tag=se&keywords=Playwright+Python&qid=1749169362&sr=8-11-spons&sp_csd=d2lkZ2V0TmFtZT1zcF9tdGY&psc=1
106854791X,['Dan Maskins'],"No degree? No experience? No idea where to start? This book is for you!Tech jobs pay well and offer freedom, but job postings demand experience you don‚Äôt have. Maybe you‚Äôve thought about a computer science degree or a bootcamp‚Äîbut here‚Äôs the truth: neither truly prepares you for real jobs.This isn‚Äôt another success story you can‚Äôt replicate or a dry coding book. Instead, you'll dive into a fiction story that cleverly weaves in complicated tech terms, making them easy to grasp. Designed specifically for those with absolutely no prior programming experience or understanding of the tech industry, this book is definitely not for seasoned developers.Consider this your action plan‚Äîa step-by-step guide to gaining real experience, proving your skills, and getting hired fast. Forget meaningless exercises, ""hello world"" projects, or endless courses‚Äîthis is about a practical strategy to break into the tech industry.Inside, you'll discover:How to start from zero‚Äîwithout a degree, bootcamp, or prior experienceWhy degrees and bootcamps often fall short‚Äîand what to do insteadHow to gain real experience that employers actually valueHow to prove your skills‚Äîso companies want to hire you, no waiting requiredHow to use AI to learn faster and stand outHow to get hired‚Äîwithout wasting time on the broken, traditional pathYou don‚Äôt need permission, a diploma, or another tutorial to start your tech career. Real-world experience is the key to landing a tech job‚Äîand this book will show you exactly where to get it.Ready to write your own success story? Greenlight your career in tech today! üö¶",6f0b3629fd49dccf6766198cbcbe6b910b2abe0de8ce420e54abfba520fd9629,N/A,978-1068547911,"February 21, 2025",2025,amazon,Greenlight Your Tech Career: Beginner‚Äôs Guide to Self-Taught Programming After the AI Revolution and Getting Hired Fast Without a Degree Through Real-World Coding Experience,https://www.amazon.com/Greenlight-Your-Tech-Career-Self-Taught/dp/106854791X/ref=sr_1_12_sspa?dib=eyJ2IjoiMSJ9.SXZRM8A5WAXoBPEInhsFJKr45Ce8OGLzS5grJ7_OekFvaUHTfDTRTmVOCsJBUQEcPtVmMcRMAgDO-fcb8ZqXvYe6GTzJqCzhETGbkkuqB70.3NCSLFKmKYxL-jYI2awm4HtrqOrEIM7TqMEEL1eFleo&dib_tag=se&keywords=Playwright+Python&qid=1749169362&sr=8-12-spons&sp_csd=d2lkZ2V0TmFtZT1zcF9idGY&psc=1
B0B2V3W7DG,['Dane Wade'],"Important Note: Used copies of this book may lack essential digital resources, updated materials, and exclusive bonuses.How To Skyrocket Your Career & Life By Mastering SQL Without Spending Thousands Of Dollars, Even If You Don't Have A Coding Background‚Ä¶Data is the New Oil!And in this digital age, the data and data management industry is massively growing.According to Expert Market Research, In the Year 2022, the estimated value of the data management industry is 92.99 billion dollars. (That's HUGE!) But the best part is it is expected to grow by over 150 billion dollars by 2027.This skill is the foundational skill to learn to get the most out of the High-Paying and hottest jobs in the market, like data scientists, Data architects, Data Analysts, BI developers, Data warehouse developers, Database Administrators, etc.In addition, numerous high-paying freelancers enjoy the freedom and traveling the world by mastering this data skill.In Simple words, Learning SQL can open doors for countless valuable opportunities.SQL is everywhere.Almost all the GIANT TECH companies like Meta, Google, Netflix, Uber, Airbnb, Amazon ‚Ä¶ and the list is endless, use SQL for their super-efficient database systems.SQL has been and will continue to be the KING of DATA LANGUAGES.""Fortunately, Now is an unbelievable opportunity to establish a solid position in this growing industry.""Here's just a fraction of what you're going to explore in the book:A proven 3-module learning program to 3X your learning speed.Step-by-step installation of SQL server in windows, mac, and Linux OS so you can quickly put your hands on the cool stuff.Mistakes that even experienced developers make. Avoid these mistakes and shine at your workplace.Revealed: A simple mindset hack that can help you to master any programming language quickly.All the essential concepts frequently asked in interviews ( Your unfair advantage over other candidates).Beautiful graphics and illustrations to cement the concepts in your mind and make things interesting and not boring.Carefully selected Exercises and concrete examples for your progressive learning. (no stones unturned)Every single technical term is clearly explained in this book.A unique and much better way to understand SQL Joins that only the top 1% of developers know and share.And much, much more!Plus, a mini-SQL pocketbook and datasets to practice SQL are included in this book.Learning SQL seems quite daunting at first, especially to people with no prior programming background. But with this easy-to-follow book, even a grandma with no computer skills can learn SQL with a liberating experience.Even If you get stuck or overwhelmed, you can always reach out over email or make a quick post in our private supporting developer's community on social media ( provided inside the book) ‚Äì we're always happy to help you with any questions or doubts you might have.This book is not another 500-page dense theory-packed boring textbook filled with repetitive technical jargon and fluff, which you need a computer science degree to understand. This is not just a textbook; this is an interactive crash-course workbook! All this premium knowledge, along with all the additional bonuses, is available for you ‚Äì without spending thousands of dollars to learn the same thing.If you want to kickstart your SQL learning today, then scroll up and click on ""add to cart.""",e9fbed9841008c2830ba08fcd8d2f235eb8e197d3d8952386ca1c9d9b13374e9,N/A,979-8833376164,"June 3, 2022",2022,amazon,Simple SQL: Beginner‚Äôs Guide To Master SQL And Boost Career (Zero To Hero),https://www.amazon.com/Simple-SQL-Beginners-Master-Career/dp/B0B2V3W7DG/ref=sr_1_13_sspa?dib=eyJ2IjoiMSJ9.SXZRM8A5WAXoBPEInhsFJKr45Ce8OGLzS5grJ7_OekFvaUHTfDTRTmVOCsJBUQEcPtVmMcRMAgDO-fcb8ZqXvYe6GTzJqCzhETGbkkuqB70.3NCSLFKmKYxL-jYI2awm4HtrqOrEIM7TqMEEL1eFleo&dib_tag=se&keywords=Playwright+Python&qid=1749169362&sr=8-13-spons&sp_csd=d2lkZ2V0TmFtZT1zcF9idGY&psc=1
109810403X,['Wes McKinney'],"Get the definitive handbook for manipulating, processing, cleaning, and crunching datasets in Python. Updated for Python 3.10 and pandas 1.4, the third edition of this hands-on guide is packed with practical case studies that show you how to solve a broad set of data analysis problems effectively. You'll learn the latest versions of pandas, NumPy, and Jupyter in the process.  Written by Wes McKinney, the creator of the Python pandas project, this book is a practical, modern introduction to data science tools in Python. It's ideal for analysts new to Python and for Python programmers new to data science and scientific computing. Data files and related material are available on GitHub. Use the Jupyter notebook and IPython shell for exploratory computing Learn basic and advanced features in NumPy Get started with data analysis tools in the pandas library Use flexible tools to load, clean, transform, merge, and reshape data Create informative visualizations with matplotlib Apply the pandas groupby facility to slice, dice, and summarize datasets Analyze and manipulate regular and irregular time series data Learn how to solve real-world data analysis problems with thorough, detailed examples",7a18f17aaa8bd7738be247965a557b6168865e7399f10e64dc47b8b5b36f7ca5,N/A,978-1098104030,"September 20, 2022",2022,amazon,"Python for Data Analysis: Data Wrangling with pandas, NumPy, and Jupyter",https://www.amazon.com/Python-Data-Analysis-Wrangling-Jupyter/dp/109810403X/ref=sr_1_1?dib=eyJ2IjoiMSJ9.k2OZYGnsqQiylNPQQb8PiJyawpqP8fmoFypYjqmYZhl_dy0Hidyai9elPN9qIhmTYaqcVj53svNZfCp9jtJW7eLMK0TE0zR1_MjfLmSjpQBsfBpU5v2G8qRmBUWl5nAf7pjViyqS7-6KxzKFpdpAUC2LiaYE-qqAJJDjRgfo0smKRvJJJ2yuhgIKy4akIdDjknKsamDNKI_EuWq56dduNj4W5fh7VkHAtCNMxzx-nsE.AoXcJVwAVGN0u6cn611_RifPjO_CdRWLFjADH7ud4cI&dib_tag=se&keywords=Data+Science+with+Python&qid=1749169368&sr=8-1
8197081964,['Timothy Eastridge'],"Practical approaches to leveraging graph data science to solve real-world challenges.Book DescriptionGraph Data Science with Python and Neo4j is your ultimate guide to unleashing the potential of graph data science by blending Python's robust capabilities with Neo4j's innovative graph database technology. From fundamental concepts to advanced analytics and machine learning techniques, you'll learn how to leverage interconnected data to drive actionable insights. Beyond theory, this book focuses on practical application, providing you with the hands-on skills needed to tackle real-world challenges.You'll explore cutting-edge integrations with Large Language Models (LLMs) like ChatGPT to build advanced recommendation systems. With intuitive frameworks and interconnected data strategies, you'll elevate your analytical prowess.This book offers a straightforward approach to mastering graph data science. With detailed explanations, real-world examples, and a dedicated GitHub repository filled with code examples, this book is an indispensable resource for anyone seeking to enhance their data practices with graph technology. Join us on this transformative journey across various industries, and unlock new, actionable insights from your data.Table of Contents1. Introduction to Graph Data Science2. Getting Started with Python and Neo4j3. Import Data into the Neo4j Graph Database4. Cypher Query Language5. Visualizing Graph Networks6. Enriching Neo4j Data with ChatGPT7. Neo4j Vector Index and Retrieval-Augmented Generation (RAG)8. Graph Algorithms in Neo4j9. Recommendation Engines Using Embeddings10. Fraud Detection CLOSING SUMMARY The Future of Graph Data Science Index",6187e6e7d9b5b18727bb170ace40eb65589c041a276ec481d1027c36a325f9ee,8197081964,978-8197081965,"March 11, 2024",2024,amazon,Graph Data Science with Python and Neo4j: Hands-on Projects on Python and Neo4j Integration for Data Visualization and Analysis Using Graph Data ... Enterprise Strategies (English Edition),https://www.amazon.com/Graph-Science-Python-Neo4j-Hands/dp/8197081964/ref=sr_1_2_sspa?dib=eyJ2IjoiMSJ9.k2OZYGnsqQiylNPQQb8PiJyawpqP8fmoFypYjqmYZhl_dy0Hidyai9elPN9qIhmTYaqcVj53svNZfCp9jtJW7eLMK0TE0zR1_MjfLmSjpQBsfBpU5v2G8qRmBUWl5nAf7pjViyqS7-6KxzKFpdpAUC2LiaYE-qqAJJDjRgfo0smKRvJJJ2yuhgIKy4akIdDjknKsamDNKI_EuWq56dduNj4W5fh7VkHAtCNMxzx-nsE.AoXcJVwAVGN0u6cn611_RifPjO_CdRWLFjADH7ud4cI&dib_tag=se&keywords=Data+Science+with+Python&qid=1749169368&sr=8-2-spons&sp_csd=d2lkZ2V0TmFtZT1zcF9hdGY&psc=1
B0DFT3S114,['Laszlo Bocso'],"Data Science with Python: From Data Wrangling to VisualizationUnlock the power of data science with Python in this comprehensive guide that takes you from beginner to advanced practitioner. Whether you're an aspiring data scientist, a seasoned analyst looking to expand your skillset, or a software developer venturing into the world of data, this book is your roadmap to mastering the essential tools and techniques of modern data science.Key Features: ‚Ä¢ Learn Python programming fundamentals for data science ‚Ä¢ Master data wrangling and preprocessing techniques ‚Ä¢ Perform exploratory data analysis (EDA) to uncover insights ‚Ä¢ Implement machine learning algorithms for predictive modeling ‚Ä¢ Create stunning data visualizations to communicate results effectively ‚Ä¢ Develop and deploy data-driven applicationsIn today's data-driven world, the ability to extract meaningful insights from vast amounts of information is a critical skill. ""Data Science with Python"" provides a structured approach to learning, covering the entire data science pipeline from data collection to visualization and deployment.Starting with the basics of Python programming, you'll quickly progress to working with powerful libraries such as Pandas, NumPy, and Scikit-learn. Through hands-on examples and real-world projects, you'll gain practical experience in:1. Data Wrangling: Learn to clean, transform, and preprocess raw data into a format suitable for analysis. Master techniques for handling missing values, outliers, and inconsistent data.2. Exploratory Data Analysis: Dive deep into your data using statistical methods and visualization techniques to uncover patterns, trends, and relationships.3. Machine Learning: Implement popular algorithms for classification, regression, and clustering. Understand the principles behind model selection, training, and evaluation.4. Data Visualization: Create compelling charts, graphs, and interactive dashboards using Matplotlib, Seaborn, and Plotly to effectively communicate your findings.5. Big Data Processing: Introduction to handling large datasets using tools like PySpark and Dask.6. Deep Learning: Get started with neural networks using popular frameworks like TensorFlow and PyTorch.7. Natural Language Processing: Learn techniques for analyzing and processing text data.8. Time Series Analysis: Explore methods for working with time-dependent data and forecasting.9. Deployment: Develop data-driven web applications using Flask or Streamlit and deploy them to the cloud.Each chapter includes: ‚Ä¢ Clear explanations of key concepts ‚Ä¢ Step-by-step tutorials with code examples ‚Ä¢ Practical exercises to reinforce learning ‚Ä¢ Tips and best practices from industry expertsBy the end of this book, you'll have a solid foundation in data science and be able to: ‚Ä¢ Confidently work with various types of data using Python ‚Ä¢ Apply machine learning algorithms to solve real-world problems ‚Ä¢ Create insightful visualizations to communicate your findings effectively ‚Ä¢ Build and deploy data-driven applicationsWhether you're looking to start a career in data science, enhance your current role, or simply expand your skill set, ""Data Science with Python"" provides the knowledge and hands-on experience you need to succeed in this exciting field.Perfect for: ‚Ä¢ Aspiring data scientists and analysts ‚Ä¢ Software developers transitioning to data roles ‚Ä¢ Students in data science and analytics programs ‚Ä¢ Professionals seeking to upskill in Python and data scienceRequirements: ‚Ä¢ Basic understanding of programming concepts ‚Ä¢ Familiarity with Python is helpful but not required ‚Ä¢ No prior experience in data science or statistics neededStart your journey to becoming a proficient data scientist today! With ""Data Science with Python,"" you'll gain the skills and confidence to tackle complex data challenges and drive data-informed decision-making in any industry.",c907e974a9f1aeffbae4f6d60c623d44683b9cdac0f3acb8e68e1e4830c832d7,N/A,N/A,"August 30, 2024",2024,amazon,Data Science with Python: From Data Wrangling to Visualization,https://www.amazon.com/Data-Science-Python-Wrangling-Visualization-ebook/dp/B0DFT3S114/ref=sr_1_3_sspa?dib=eyJ2IjoiMSJ9.k2OZYGnsqQiylNPQQb8PiJyawpqP8fmoFypYjqmYZhl_dy0Hidyai9elPN9qIhmTYaqcVj53svNZfCp9jtJW7eLMK0TE0zR1_MjfLmSjpQBsfBpU5v2G8qRmBUWl5nAf7pjViyqS7-6KxzKFpdpAUC2LiaYE-qqAJJDjRgfo0smKRvJJJ2yuhgIKy4akIdDjknKsamDNKI_EuWq56dduNj4W5fh7VkHAtCNMxzx-nsE.AoXcJVwAVGN0u6cn611_RifPjO_CdRWLFjADH7ud4cI&dib_tag=se&keywords=Data+Science+with+Python&qid=1749169368&sr=8-3-spons&sp_csd=d2lkZ2V0TmFtZT1zcF9hdGY&psc=1
B0BZN7LQBX,['Moustafa Elgezery'],"Python for Data Science and Machine Learning: Essential Tools for Working with Data"" is the ultimate guide to mastering the essential tools needed for a career in data science and machine learning. This book provides a comprehensive introduction to the core concepts and practical techniques required to work with data, including data cleaning, visualization, and analysis, as well as machine learning algorithms such as regression, classification, clustering, and deep learning. With hands-on examples and step-by-step guidance, this book is perfect for beginners and experienced programmers alike. Whether you're looking to kickstart your career in data science or expand your existing skills, ""Python for Data Science and Machine Learning"" is the go-to resource for building a solid foundation in this exciting field. Get your copy today and start your journey toward becoming a data science expert!",a7ff068e61c7f9d5f703c4db0c33876e43c0df26917b80c9da0b868f17b3d70f,N/A,N/A,"March 25, 2023",2023,amazon,Python for Data Science and Machine Learning: Essential Tools for Working with Data,https://www.amazon.com/Python-Data-Science-Machine-Learning-ebook/dp/B0BZN7LQBX/ref=sr_1_4?dib=eyJ2IjoiMSJ9.k2OZYGnsqQiylNPQQb8PiJyawpqP8fmoFypYjqmYZhl_dy0Hidyai9elPN9qIhmTYaqcVj53svNZfCp9jtJW7eLMK0TE0zR1_MjfLmSjpQBsfBpU5v2G8qRmBUWl5nAf7pjViyqS7-6KxzKFpdpAUC2LiaYE-qqAJJDjRgfo0smKRvJJJ2yuhgIKy4akIdDjknKsamDNKI_EuWq56dduNj4W5fh7VkHAtCNMxzx-nsE.AoXcJVwAVGN0u6cn611_RifPjO_CdRWLFjADH7ud4cI&dib_tag=se&keywords=Data+Science+with+Python&qid=1749169368&sr=8-4
B0F288ZC36,"['Daneyal Anis', 'Independently Published', 'Virtual Voice']","*Start your Data Science career using Python today!*Want to begin a new lucrative career as a Data Scientist? Learn to solve real world problems using Artificial Intelligence and Machine Learning skills ‚Äì with step-by-step instructions and downloadable code samples!Are you interested in becoming a Data Scientist but overwhelmed by the complexity and don‚Äôt know where to start?Then let this breezy and fun little book on Python and machine learning models make you a data scientist in 7 days!This book is for beginners who would like to master predictive analytics and obtain a job in fast growing field of data science! Let experienced Data Scientist and Best-Selling Author, Daneyal Anis, share with you the most common real-world analytics problems and how he solved them in his 10+ years in this field.In this book Daneyal shares common time saving and automation use cases like:Web-scrappingFile ProcessingImage Processing for Pattern DetectionAutomating Sending and Receiving Campaign EmailsAnd in-demand and popular data science use cases like:Fraud AnalysisTime Series ForecastingSpeech Analytics Using Dynamic Time WarpingGeospatial AnalysisCreating Recommender Systems and Client Segmentation.All the examples come with downloadable Python code that you can use today!You also get to see foundational and well-known Python libraries in action such as NumPy, Scikit-Learn, Seaborn and more advanced libraries like BeautifulSoup, FastDTW, Facebook Prophet and Folium!By the end of this book the readers will be able to design, train and validate their very own artificial intelligence models ‚Äì with real world applicability from day 1!If you are on the fence about making the leap to a new and lucrative career as a Data Scientist, this is the book for you!What sets this book apart from other books on the topic of Python and Machine learning?Step by step code examples and explanationsComplex concepts explained visuallyReal world applicability of the machine learning models Bonus free code samples that you can try yourself without any prior experience in Python!What do I need to get started?You will have a step by step action plan in place once you finish this book and finally feel that you, can master data science and machine learning and start lucrative and rewarding career!Ready to dive in to the exciting world of Python and Machine Learning?Then scroll up to the top and hit that BUY BUTTON!",ccf61153ae258711d78efdef8c56c056435273ca4a58a72849314a683777c90d,N/A,N/A,"March 23, 2025",2025,amazon,Ultimate Step by Step Guide to Data Science Using Python: Real Word Use Cases with Downloadable Code Examples,https://www.amazon.com/Ultimate-Guide-Science-Using-Python/dp/B0F288ZC36/ref=sr_1_5?dib=eyJ2IjoiMSJ9.k2OZYGnsqQiylNPQQb8PiJyawpqP8fmoFypYjqmYZhl_dy0Hidyai9elPN9qIhmTYaqcVj53svNZfCp9jtJW7eLMK0TE0zR1_MjfLmSjpQBsfBpU5v2G8qRmBUWl5nAf7pjViyqS7-6KxzKFpdpAUC2LiaYE-qqAJJDjRgfo0smKRvJJJ2yuhgIKy4akIdDjknKsamDNKI_EuWq56dduNj4W5fh7VkHAtCNMxzx-nsE.AoXcJVwAVGN0u6cn611_RifPjO_CdRWLFjADH7ud4cI&dib_tag=se&keywords=Data+Science+with+Python&qid=1749169368&sr=8-5
B0FBHGTC17,['Alex Harper'],"Master Python for Data Science in less time than you think, even if you‚Äôve never written a line of code.Are you frustrated by the overwhelming sea of resources that leave you with more questions than answers? Do you dream of elevating your career prospects and diving into the world of data science, but feel intimidated by the technical jargon? Are you eager to learn Python but struggle to find a structured, hands-on guide that bridges the gap between beginner and expert?If you answered ‚Äúyes‚Äù to any of these questions, you are not alone.Many aspiring data scientists and programmers face the same hurdles, yet this comprehensive guide offers solutions to transform those challenges into stepping stones for success.Here is just a taste of what you‚Äôll discover inside this guide:The steps to swiftly set up your Python environment for data science, eliminating wasted time and frustration.How to seamlessly transition from any programming language to Python, with tips tailored to experienced programmers.The essential Python libraries no beginner should start without in their data science journey.A step-by-step guide to data cleaning and preprocessing, ensuring your datasets are ready for robust analysis. Visualization techniques using Matplotlib and Pandas to turn raw data into effortless insights.A practical approach to applying machine learning algorithms to real-world projects with Scikit-learn.Common pitfalls in data analysis and how to avoid them, saving you hours of frustration.Top strategies for handling missing data in datasets, a frequent hurdle for beginners.How to write clean, efficient Python code that meets professional coding standards.The secret to enhancing your problem-solving skillsthrough practical exercises and projects.Insights on maintaining up-to-date knowledge with regular Python and library advancements.Interactive exercises that engage both beginners and seasoned programmers, offering a robust learning experience.Guided projects designed to build an impressive data science portfolio.The must-know techniques for choosing the right model for your data, essential for standout analysis.Access to exclusive online resources that extend your learning journey beyond the book.A wealth of knowledge awaits you!Worries about jumping into a complex field like data science are understandable. But fear not‚Äîthis guide is crafted to be accessible, detailed, and relevant, providing you with the simplest explanations and straightforward language. Unlike other resources that get outdated quickly, this book offers the most current practices and library references, ensuring you're learning with tools that industry leaders use today.Let go of the fear of learning in isolation. Even with self-pace, you'll find clear guidance and support to overcome obstacles, helping you become confident in solving real-world challenges.If you're ready to elevate your data science skills, enhance your career prospects, and build a solid foundation in Python, scroll up and click the ""Add to Cart"" button now! Embrace the journey of transformation today.",6af228eca62914d270b4383863a4db6b3a84250d23f0ef2fa926de7ebeb147b0,N/A,N/A,"May 29, 2025",2025,amazon,Python for Data Science:: The Ultimate Beginner-to-Expert Guide,https://www.amazon.com/Python-Data-Science-Beginner-Expert-ebook/dp/B0FBHGTC17/ref=sr_1_6?dib=eyJ2IjoiMSJ9.k2OZYGnsqQiylNPQQb8PiJyawpqP8fmoFypYjqmYZhl_dy0Hidyai9elPN9qIhmTYaqcVj53svNZfCp9jtJW7eLMK0TE0zR1_MjfLmSjpQBsfBpU5v2G8qRmBUWl5nAf7pjViyqS7-6KxzKFpdpAUC2LiaYE-qqAJJDjRgfo0smKRvJJJ2yuhgIKy4akIdDjknKsamDNKI_EuWq56dduNj4W5fh7VkHAtCNMxzx-nsE.AoXcJVwAVGN0u6cn611_RifPjO_CdRWLFjADH7ud4cI&dib_tag=se&keywords=Data+Science+with+Python&qid=1749169368&sr=8-6
B07WJBRBP7,['Ethan Williams'],"This book is a comprehensive guide for beginners to learn Python Programming, especially its application for Data Science. While the lessons in this book are targeted at the absolute beginner to programming, people at various levels of proficiency in Python, or any other programming languages can also learn some basics and concepts of data science. A few Python libraries are introduced, including NumPy, Pandas, Matplotlib, and Seaborn for data analysis and visualisation. To make the lessons more intuitive and relatable, practical examples and applications of each lesson are given. The reader is equally encouraged to practise the techniques via exercises, within and at the end of the relevant chapters. To help the reader get a full learning experience, there are references to relevant reading and practice materials, and the reader is encouraged to click these links and explore the possibilities they offer. It is expected that with consistency in learning and practicing the reader can master Python and the basics of its application in data science. The only limitation to the reader‚Äôs progress, however, is themselves!",397e6dc7adbdd6d07504f9d08ee62fc2c50971754d878c43cfd5fbeeee31f502,N/A,N/A,"August 16, 2019",2019,amazon,PYTHON FOR DATA SCIENCE: The Ultimate Beginners‚Äô Guide to Learning Python Data Science Step by Step,https://www.amazon.com/PYTHON-DATA-SCIENCE-Ultimate-Beginners-ebook/dp/B07WJBRBP7/ref=sr_1_7?dib=eyJ2IjoiMSJ9.k2OZYGnsqQiylNPQQb8PiJyawpqP8fmoFypYjqmYZhl_dy0Hidyai9elPN9qIhmTYaqcVj53svNZfCp9jtJW7eLMK0TE0zR1_MjfLmSjpQBsfBpU5v2G8qRmBUWl5nAf7pjViyqS7-6KxzKFpdpAUC2LiaYE-qqAJJDjRgfo0smKRvJJJ2yuhgIKy4akIdDjknKsamDNKI_EuWq56dduNj4W5fh7VkHAtCNMxzx-nsE.AoXcJVwAVGN0u6cn611_RifPjO_CdRWLFjADH7ud4cI&dib_tag=se&keywords=Data+Science+with+Python&qid=1749169368&sr=8-7
B0DFXDVZST,['Declan Ashford'],"Are you eager to unlock the secrets of data science and become a master at turning raw data into powerful insights? Do you want to learn Python‚Äîthe most sought-after language in the world of data analysis and visualization‚Äîbut don't know where to start? Python for Data Science: Hands-On Guide to Learn Python Programming for Data Analysis and Visualization is the key to unlocking your potential in this rapidly growing field.This book is more than just a guide; it‚Äôs a transformative journey that will take you from a novice to a skilled data science practitioner. With a focus on practical, hands-on learning, you‚Äôll gain the confidence to tackle real-world data challenges and make data-driven decisions that can propel your career or business to new heights.Here‚Äôs what you‚Äôll gain from this powerful guide:Master Python, the Language of Data Science: Start from scratch or build on existing knowledge with clear, step-by-step tutorials that guide you through Python‚Äôs essential features. You‚Äôll learn the language that top data scientists and analysts use to solve complex problems.Unlock the Power of Data Analysis: Learn how to manipulate, clean, and analyze data using cutting-edge Python libraries like Pandas and NumPy. Turn messy data into meaningful insights that can drive strategic decisions.Create Stunning Visualizations: Transform data into visually compelling stories with Python‚Äôs top visualization tools‚ÄîMatplotlib, Seaborn, and Plotly. Learn to create graphs, charts, and dashboards that not only inform but also persuade and inspire action.Engage in Real-World Projects: Apply what you‚Äôve learned to real-world scenarios with hands-on projects that mimic the challenges faced by professionals in the field. Gain experience that will set you apart in job interviews and on the job.Dive into Advanced Topics: Ready to take it to the next level? Explore machine learning basics and predictive analytics, and learn how to handle big data, positioning yourself for future growth in data science.Expert Tips and Best Practices: Benefit from insider tips that will help you code more efficiently, avoid common pitfalls, and make the most of Python‚Äôs powerful capabilities.By the time you finish Python for Data Science, you won‚Äôt just understand the basics‚Äîyou‚Äôll have the practical skills and confidence to analyze and visualize data like a pro. Whether you‚Äôre looking to break into data science, advance your current career, or simply sharpen your skills, this book is your roadmap to success.Don‚Äôt miss out on the opportunity to master one of the most valuable skills in today‚Äôs data-driven world. Click the ‚ÄúBuy Now‚Äù button and start your journey toward becoming a data science expert today.",31d2499356d23fb03cf41c2bbd2ca9f0d6373d2dce7bda0cb9c7acc54ccb7390,N/A,N/A,"September 1, 2024",2024,amazon,Python For Data Science: Hands-On Guide To Learn Python Programming For Data Analysis And Visualization (complete python programming handbooks Book 5),https://www.amazon.com/Python-Data-Science-Hands-Visualization-ebook/dp/B0DFXDVZST/ref=sr_1_8?dib=eyJ2IjoiMSJ9.k2OZYGnsqQiylNPQQb8PiJyawpqP8fmoFypYjqmYZhl_dy0Hidyai9elPN9qIhmTYaqcVj53svNZfCp9jtJW7eLMK0TE0zR1_MjfLmSjpQBsfBpU5v2G8qRmBUWl5nAf7pjViyqS7-6KxzKFpdpAUC2LiaYE-qqAJJDjRgfo0smKRvJJJ2yuhgIKy4akIdDjknKsamDNKI_EuWq56dduNj4W5fh7VkHAtCNMxzx-nsE.AoXcJVwAVGN0u6cn611_RifPjO_CdRWLFjADH7ud4cI&dib_tag=se&keywords=Data+Science+with+Python&qid=1749169368&sr=8-8
B088WB722Y,"['Computer Programming Academy', 'Jeff Bower', 'Wiomy Ltd']","Would you like to learn to use Python extracting meaningful insight from data to grow your business but you reckon it will be too complex? Or perhaps you want to know how to analyze data to solve simple domestic issues but you don‚Äôt know how to do it?Here's the deal. As a beginner, you will be probably afraid that programming is difficult. Learning data analysis and data mining can take months, and the possibility to give up before mastering them could be high.The best solution is a complete programming manual with hands-on projects and practical exercises. Computer Programming Academy structured this guide as a course with seven chapters for seven days and studied special exercises to apply what you learned step-by-step.In the detail, you will learn:The importance of data science technologies in our daily livesWhat are the most common mistakes to avoid when you start dealing with Python for data scienceThree important actions required to gain insights from big dataWhat are the advantages of the data mining process in resolving real world problemsHow to download and use the main Python based data analysis librariesThe method to implement predictive analytics to resolve a business issue in less than seven daysA proven strategy to develop predictive models to analyze customers‚Äô behaviorExercises and quizzes at the end of every chapter to review immediately what you‚Äôve learnedThis is what this guide offers to you...even if you're completely new to programming in 2020 or you are looking to widen your skills as programmer.The key to become a Python master is one click away!",433c574c0bba762d92ca62dc089b8d7268bb6da238db8154a5916e4bb89b2694,N/A,N/A,"May 21, 2020",2020,amazon,"Python Data Science: Learn Python in a Week and Master It. An Hands-On Introduction to Big Data Analysis and Mining, a Project-Based Guide with Practical Exercises: 7 Days Crash Course, Book 3",https://www.amazon.com/Python-Data-Science-Hands-Project-Based/dp/B088WB722Y/ref=sr_1_9?dib=eyJ2IjoiMSJ9.k2OZYGnsqQiylNPQQb8PiJyawpqP8fmoFypYjqmYZhl_dy0Hidyai9elPN9qIhmTYaqcVj53svNZfCp9jtJW7eLMK0TE0zR1_MjfLmSjpQBsfBpU5v2G8qRmBUWl5nAf7pjViyqS7-6KxzKFpdpAUC2LiaYE-qqAJJDjRgfo0smKRvJJJ2yuhgIKy4akIdDjknKsamDNKI_EuWq56dduNj4W5fh7VkHAtCNMxzx-nsE.AoXcJVwAVGN0u6cn611_RifPjO_CdRWLFjADH7ud4cI&dib_tag=se&keywords=Data+Science+with+Python&qid=1749169368&sr=8-9
1492041130,['Joel Grus'],"To really learn data science, you should not only master the tools‚Äïdata science libraries, frameworks, modules, and toolkits‚Äïbut also understand the ideas and principles underlying them. Updated for Python 3.6, this second edition of Data Science from Scratch shows you how these tools and algorithms work by implementing them from scratch.  If you have an aptitude for mathematics and some programming skills, author Joel Grus will help you get comfortable with the math and statistics at the core of data science, and with the hacking skills you need to get started as a data scientist. Packed with new material on deep learning, statistics, and natural language processing, this updated book shows you how to find the gems in today‚Äôs messy glut of data. Get a crash course in Python Learn the basics of linear algebra, statistics, and probability‚Äïand how and when they‚Äôre used in data science Collect, explore, clean, munge, and manipulate data Dive into the fundamentals of machine learning Implement models such as k-nearest neighbors, Na√Øve Bayes, linear and logistic regression, decision trees, neural networks, and clustering Explore recommender systems, natural language processing, network analysis, MapReduce, and databases",7b7e3d8d2d78d4325a296712eafeec17e070d978ea06e8c2da36e597ca609be3,1492041130,978-1492041139,"June 11, 2019",2019,amazon,Data Science from Scratch: First Principles with Python,https://www.amazon.com/Data-Science-Scratch-Principles-Python/dp/1492041130/ref=sr_1_10?dib=eyJ2IjoiMSJ9.k2OZYGnsqQiylNPQQb8PiJyawpqP8fmoFypYjqmYZhl_dy0Hidyai9elPN9qIhmTYaqcVj53svNZfCp9jtJW7eLMK0TE0zR1_MjfLmSjpQBsfBpU5v2G8qRmBUWl5nAf7pjViyqS7-6KxzKFpdpAUC2LiaYE-qqAJJDjRgfo0smKRvJJJ2yuhgIKy4akIdDjknKsamDNKI_EuWq56dduNj4W5fh7VkHAtCNMxzx-nsE.AoXcJVwAVGN0u6cn611_RifPjO_CdRWLFjADH7ud4cI&dib_tag=se&keywords=Data+Science+with+Python&qid=1749169368&sr=8-10
1493225596,['Veit Steinkamp'],"It‚Äôs finally here‚Äîyour guide to Python for engineers and scientists, by an engineer and scientist! Get to know your development environments and the key Python modules you‚Äôll need: NumPy, SymPy, SciPy, Matplotlib, and VPython. Understand basic Python program structures and walk through practical exercises that start simple and increase in complexity as you work your way through the book. With information on statistical calculations, Boolean algebra, and interactive programming with Tkinter, this Python guide belongs on every scientist‚Äôs shelf!A practical guide to Python for nonprogrammersWork with NumPy, SymPy, SciPy, Matplotlib, and VPythonAutomate numerical calculations, create simulations and visualizations, perform statistical analysis, and morePython for ScientistsYou already know how to solve problems in your field. In this guide you‚Äôll find the tools you need to map your existing calculations with Python.Python ModulesLearn how NumPy, SymPy, SciPy, Matplotlib, and VPython can help you with your scientific work. From solving linear equations and creating animations to using discrete Fourier transformations to reconstruct a noisy signal, you‚Äôll find the practical advice you need.Python in ActionStart simple by sizing a shaft and then move on to increasingly advanced exercises: animating a pendulum, simulating a rolling element bearing defect, creating a predator-prey model, and more. For every exercise, review the complete source code, with extensive comments, and analyze the output.Program structuresNumPyMatplotlibSymPySciPyVPythonTkinterNumerical calculationsStatistical calculationsBoolean algebra",acf8593857bf61838fb6226b54c77bdeff30ae5a6a36af825728dfeb61582e40,1493225596,978-1493225590,"March 27, 2024",2024,amazon,"Python for Engineering and Scientific Computing: Practical Applications with NumPy, SciPy, Matplotlib, and More (Rheinwerk Computing)",https://www.amazon.com/Python-Engineering-Scientific-Computing-Steinkamp/dp/1493225596/ref=sr_1_11_sspa?dib=eyJ2IjoiMSJ9.k2OZYGnsqQiylNPQQb8PiJyawpqP8fmoFypYjqmYZhl_dy0Hidyai9elPN9qIhmTYaqcVj53svNZfCp9jtJW7eLMK0TE0zR1_MjfLmSjpQBsfBpU5v2G8qRmBUWl5nAf7pjViyqS7-6KxzKFpdpAUC2LiaYE-qqAJJDjRgfo0smKRvJJJ2yuhgIKy4akIdDjknKsamDNKI_EuWq56dduNj4W5fh7VkHAtCNMxzx-nsE.AoXcJVwAVGN0u6cn611_RifPjO_CdRWLFjADH7ud4cI&dib_tag=se&keywords=Data+Science+with+Python&qid=1749169368&sr=8-11-spons&sp_csd=d2lkZ2V0TmFtZT1zcF9tdGY&psc=1
0578973839,"['Nick Singh', 'Kevin Huo']","COUNTERFEIT WARNING: Do NOT buy Used books - there is a 90% chance the 3rd party is selling pirated books filled with typos, missing SQL questions, and bad print quality. Only buy NEW!Authored by two Ex-Facebook employees, Ace the Data Science Interview is the best way to prepare for Data Science, Data Analyst, and Machine Learning interviews, so that you can land your dream job at FAANG, tech startups, or Wall Street.What's inside this 301 page book?201 real Data Science interview questions asked by Facebook, Google, Amazon, Netflix, Two Sigma, Citadel and more ‚Äî with detailed step-by-step solutions!Learn how to break into Data Science, with tips on crafting your resume, creating kick-ass portfolio projects, sending networking cold emails, and better telling your story during behavioral interviewsQuestions cover the most frequently-tested topics in data interviews: Probability, Statistics, Machine Learning, SQL & Database Design, Coding (Python), Product Analytics, and A/B TestingEach chapter has a brief crash-course on the most important concepts and formulas to reviewLearn how to solve open-ended case study questions that combine product-sense, business intuition, and statistical modeling skills, and practice with case interviews from Airbnb, Instagram, & AccenturePraise for Ace the Data Science Interview:""The advice in this book directly helped me land my dream job"" ‚Äî Advitya Gemawat, ML Engineer, Microsoft‚ÄúAn invaluable resource for the Data Science & ML community‚Äù‚Äî Aishwarya Srinivasan, Senior Data Scientist, Google‚ÄúGraduate students should read this book for a structured approach to prep for their next data Science interview‚Äù‚Äî Ali Gowani, Faculty at Northwestern University (MS in Data Science). ‚ÄúThe authors explain exactly what hiring managers look for ‚Äî a must read for any data job seeker‚Äù‚Äî Michelle Scarbrough, Former Data Analytics Manager, F500 Co.""Super helpful career advice on breaking into data & landing your first job in the field""‚Äî Prithika Hariharan, President of Waterloo Data Science Club; Data Science Intern, Wish‚ÄúFINALLY! Cracking the Coding Interview but for Data Science & ML!‚Äù‚Äî Jack Morris, AI Resident, Google‚ÄúSolving the 201 interview questions is helpful for people in ALL industries, not just tech!‚Äù‚Äî Lars Hulstaert, Senior Data Scientist, Johnson & JohnsonAbout Kevin Huo:Kevin Huo is currently a Data Scientist at a Hedge Fund, and previously was a Data Scientist at Facebook working on Facebook Groups. He holds a degree in Computer Science from the University of Pennsylvania and a degree in Business from Wharton. In college he interned at Facebook, Bloomberg, and on Wall Street.About Nick Singh:Nick Singh previously worked on Facebook‚Äôs Growth Team and at SafeGraph, a geospatial analytics startup. Currently, he runs SQL interview platform DataLemur.com and shares career tips on LinkedIn to his 120,000+ followers. Nick holds a degree in System Engineering with a minor in Computer Science from the University of Virginia. In college, he interned at Microsoft and at Google‚Äôs Nest Labs on the Data Infrastructure Team.",06e6660871166f8d623d6616f8744c890c926bfde3a2b0e13d128253e7274435,0578973839,978-0578973838,"August 16, 2021",2021,amazon,"Ace the Data Science Interview: 201 Real Interview Questions Asked By FAANG, Tech Startups, & Wall Street",https://www.amazon.com/Ace-Data-Science-Interview-Questions/dp/0578973839/ref=sr_1_12_sspa?dib=eyJ2IjoiMSJ9.k2OZYGnsqQiylNPQQb8PiJyawpqP8fmoFypYjqmYZhl_dy0Hidyai9elPN9qIhmTYaqcVj53svNZfCp9jtJW7eLMK0TE0zR1_MjfLmSjpQBsfBpU5v2G8qRmBUWl5nAf7pjViyqS7-6KxzKFpdpAUC2LiaYE-qqAJJDjRgfo0smKRvJJJ2yuhgIKy4akIdDjknKsamDNKI_EuWq56dduNj4W5fh7VkHAtCNMxzx-nsE.AoXcJVwAVGN0u6cn611_RifPjO_CdRWLFjADH7ud4cI&dib_tag=se&keywords=Data+Science+with+Python&qid=1749169368&sr=8-12-spons&sp_csd=d2lkZ2V0TmFtZT1zcF9tdGY&psc=1
1943873178,['Scott McCoy'],"These days, businesses are collecting massive amounts of data. But this data isn‚Äôt valuable until someone analyzes it to gain insights that can be used to make decisions. That‚Äôs why the US Bureau of Labor Statistics (BLS) predicts that the demand for data analysts will continue to grow for the rest of the decade. Now, with Murach‚Äôs Python for Data Science as your guide, you‚Äôll learn how to use Python libraries to get, clean, prepare, and analyze data at a professional level. To start, you‚Äôll learn how to use Pandas for data analysis and Seaborn for data visualization. Then, you‚Äôll learn how to use Scikit-learn to create regression models that you can use to make predictions. To tie everything together, this book contains four realistic analyses that use real-world data. That‚Äôs because studying analyses like these is critical to the learning process.",8a112a86ba79ebf3d321943b730c30c00a688c9007f1d0819360adfefcdb2d22,1943873178,978-1943873173,"May 15, 2024",2024,amazon,Murach's Python for Data Science (2nd Edition): Training and Reference,https://www.amazon.com/Murachs-Python-Data-Science-2nd/dp/1943873178/ref=sr_1_13?dib=eyJ2IjoiMSJ9.k2OZYGnsqQiylNPQQb8PiJyawpqP8fmoFypYjqmYZhl_dy0Hidyai9elPN9qIhmTYaqcVj53svNZfCp9jtJW7eLMK0TE0zR1_MjfLmSjpQBsfBpU5v2G8qRmBUWl5nAf7pjViyqS7-6KxzKFpdpAUC2LiaYE-qqAJJDjRgfo0smKRvJJJ2yuhgIKy4akIdDjknKsamDNKI_EuWq56dduNj4W5fh7VkHAtCNMxzx-nsE.AoXcJVwAVGN0u6cn611_RifPjO_CdRWLFjADH7ud4cI&dib_tag=se&keywords=Data+Science+with+Python&qid=1749169368&sr=8-13
B0DFT3S114,['Laszlo Bocso'],"Data Science with Python: From Data Wrangling to VisualizationUnlock the power of data science with Python in this comprehensive guide that takes you from beginner to advanced practitioner. Whether you're an aspiring data scientist, a seasoned analyst looking to expand your skillset, or a software developer venturing into the world of data, this book is your roadmap to mastering the essential tools and techniques of modern data science.Key Features: ‚Ä¢ Learn Python programming fundamentals for data science ‚Ä¢ Master data wrangling and preprocessing techniques ‚Ä¢ Perform exploratory data analysis (EDA) to uncover insights ‚Ä¢ Implement machine learning algorithms for predictive modeling ‚Ä¢ Create stunning data visualizations to communicate results effectively ‚Ä¢ Develop and deploy data-driven applicationsIn today's data-driven world, the ability to extract meaningful insights from vast amounts of information is a critical skill. ""Data Science with Python"" provides a structured approach to learning, covering the entire data science pipeline from data collection to visualization and deployment.Starting with the basics of Python programming, you'll quickly progress to working with powerful libraries such as Pandas, NumPy, and Scikit-learn. Through hands-on examples and real-world projects, you'll gain practical experience in:1. Data Wrangling: Learn to clean, transform, and preprocess raw data into a format suitable for analysis. Master techniques for handling missing values, outliers, and inconsistent data.2. Exploratory Data Analysis: Dive deep into your data using statistical methods and visualization techniques to uncover patterns, trends, and relationships.3. Machine Learning: Implement popular algorithms for classification, regression, and clustering. Understand the principles behind model selection, training, and evaluation.4. Data Visualization: Create compelling charts, graphs, and interactive dashboards using Matplotlib, Seaborn, and Plotly to effectively communicate your findings.5. Big Data Processing: Introduction to handling large datasets using tools like PySpark and Dask.6. Deep Learning: Get started with neural networks using popular frameworks like TensorFlow and PyTorch.7. Natural Language Processing: Learn techniques for analyzing and processing text data.8. Time Series Analysis: Explore methods for working with time-dependent data and forecasting.9. Deployment: Develop data-driven web applications using Flask or Streamlit and deploy them to the cloud.Each chapter includes: ‚Ä¢ Clear explanations of key concepts ‚Ä¢ Step-by-step tutorials with code examples ‚Ä¢ Practical exercises to reinforce learning ‚Ä¢ Tips and best practices from industry expertsBy the end of this book, you'll have a solid foundation in data science and be able to: ‚Ä¢ Confidently work with various types of data using Python ‚Ä¢ Apply machine learning algorithms to solve real-world problems ‚Ä¢ Create insightful visualizations to communicate your findings effectively ‚Ä¢ Build and deploy data-driven applicationsWhether you're looking to start a career in data science, enhance your current role, or simply expand your skill set, ""Data Science with Python"" provides the knowledge and hands-on experience you need to succeed in this exciting field.Perfect for: ‚Ä¢ Aspiring data scientists and analysts ‚Ä¢ Software developers transitioning to data roles ‚Ä¢ Students in data science and analytics programs ‚Ä¢ Professionals seeking to upskill in Python and data scienceRequirements: ‚Ä¢ Basic understanding of programming concepts ‚Ä¢ Familiarity with Python is helpful but not required ‚Ä¢ No prior experience in data science or statistics neededStart your journey to becoming a proficient data scientist today! With ""Data Science with Python,"" you'll gain the skills and confidence to tackle complex data challenges and drive data-informed decision-making in any industry.",c907e974a9f1aeffbae4f6d60c623d44683b9cdac0f3acb8e68e1e4830c832d7,N/A,N/A,"August 30, 2024",2024,amazon,Data Science with Python: From Data Wrangling to Visualization,https://www.amazon.com/Data-Science-Python-Wrangling-Visualization-ebook/dp/B0DFT3S114/ref=sr_1_14?dib=eyJ2IjoiMSJ9.k2OZYGnsqQiylNPQQb8PiJyawpqP8fmoFypYjqmYZhl_dy0Hidyai9elPN9qIhmTYaqcVj53svNZfCp9jtJW7eLMK0TE0zR1_MjfLmSjpQBsfBpU5v2G8qRmBUWl5nAf7pjViyqS7-6KxzKFpdpAUC2LiaYE-qqAJJDjRgfo0smKRvJJJ2yuhgIKy4akIdDjknKsamDNKI_EuWq56dduNj4W5fh7VkHAtCNMxzx-nsE.AoXcJVwAVGN0u6cn611_RifPjO_CdRWLFjADH7ud4cI&dib_tag=se&keywords=Data+Science+with+Python&qid=1749169368&sr=8-14
1098121228,['Jake VanderPlas'],"Python is a first-class tool for many researchers, primarily because of its libraries for storing, manipulating, and gaining insight from data. Several resources exist for individual pieces of this data science stack, but only with the new edition of Python Data Science Handbook do you get them all‚ÄîIPython, NumPy, pandas, Matplotlib, Scikit-Learn, and other related tools.  Working scientists and data crunchers familiar with reading and writing Python code will find the second edition of this comprehensive desk reference ideal for tackling day-to-day issues: manipulating, transforming, and cleaning data; visualizing different types of data; and using data to build statistical or machine learning models. Quite simply, this is the must-have reference for scientific computing in Python.  With this handbook, you'll learn how: IPython and Jupyter provide computational environments for scientists using Python NumPy includes the ndarray for efficient storage and manipulation of dense data arrays Pandas contains the DataFrame for efficient storage and manipulation of labeled/columnar data Matplotlib includes capabilities for a flexible range of data visualizations Scikit-learn helps you build efficient and clean Python implementations of the most important and established machine learning algorithms",69078051f7dc4b3013e2cfd296818e6be555430ae6442153914aa29bc8a0d837,1098121228,978-1098121228,"January 17, 2023",2023,amazon,Python Data Science Handbook: Essential Tools for Working with Data,https://www.amazon.com/Python-Data-Science-Handbook-Essential/dp/1098121228/ref=sr_1_15?dib=eyJ2IjoiMSJ9.k2OZYGnsqQiylNPQQb8PiJyawpqP8fmoFypYjqmYZhl_dy0Hidyai9elPN9qIhmTYaqcVj53svNZfCp9jtJW7eLMK0TE0zR1_MjfLmSjpQBsfBpU5v2G8qRmBUWl5nAf7pjViyqS7-6KxzKFpdpAUC2LiaYE-qqAJJDjRgfo0smKRvJJJ2yuhgIKy4akIdDjknKsamDNKI_EuWq56dduNj4W5fh7VkHAtCNMxzx-nsE.AoXcJVwAVGN0u6cn611_RifPjO_CdRWLFjADH7ud4cI&dib_tag=se&keywords=Data+Science+with+Python&qid=1749169368&sr=8-15
1718502206,['Yuli Vasiliev'],"A hands-on, real-world introduction to data analysis with the Python programming language, loaded with wide-ranging examples.Python is an ideal choice for accessing, manipulating, and gaining insights from data of all kinds. Python for Data Science introduces you to the Pythonic world of data analysis with a learn-by-doing approach rooted in practical examples and hands-on activities. You‚Äôll learn how to write Python code to obtain, transform, and analyze data, practicing state-of-the-art data processing techniques for use cases in business management, marketing, and decision support.You will discover Python‚Äôs rich set of built-in data structures for basic operations, as well as its robust ecosystem of open-source libraries for data science, including NumPy, pandas, scikit-learn, matplotlib, and more. Examples show how to load data in various formats, how to streamline, group, and aggregate data sets, and how to create charts, maps, and other visualizations. Later chapters go in-depth with demonstrations of real-world data applications, including using location data to power a taxi service, market basket analysis to identify items commonly purchased together, and machine learning to predict stock prices.",8d8417614e49fff46cd2bef19a8c31e3bca207ec0650c8dfc8416486aaed9a66,1718502206,978-1718502208,"August 2, 2022",2022,amazon,Python for Data Science: A Hands-On Introduction,https://www.amazon.com/Python-Data-Science-Example-Vasiliev/dp/1718502206/ref=sr_1_16?dib=eyJ2IjoiMSJ9.k2OZYGnsqQiylNPQQb8PiJyawpqP8fmoFypYjqmYZhl_dy0Hidyai9elPN9qIhmTYaqcVj53svNZfCp9jtJW7eLMK0TE0zR1_MjfLmSjpQBsfBpU5v2G8qRmBUWl5nAf7pjViyqS7-6KxzKFpdpAUC2LiaYE-qqAJJDjRgfo0smKRvJJJ2yuhgIKy4akIdDjknKsamDNKI_EuWq56dduNj4W5fh7VkHAtCNMxzx-nsE.AoXcJVwAVGN0u6cn611_RifPjO_CdRWLFjADH7ud4cI&dib_tag=se&keywords=Data+Science+with+Python&qid=1749169368&sr=8-16
B0DMV6YXS5,"['Denver Geiger', 'Denver  Geiger']","Ecco una descrizione accattivante, coinvolgente e professionale per il tuo ebook, perfetta per attirare i principianti assoluti nel mondo di Python e Data Science!Python and Data Science: A Practical Guide for BeginnersüöÄ Unlock Your Potential with Python and Data Science!Are you ready to step into the exciting world of programming and data analysis? Whether you've never written a single line of code or you're looking to refine your skills, Python and Data Science: A Practical Guide for Beginners is your fast track to mastering Python‚Äîone of the most in-demand programming languages today.üí° Why should you grab this guide RIGHT NOW?üü¢ Beginner-Friendly & Hands-On: No experience? No problem! This book is crafted for absolute beginners, with step-by-step explanations, practical exercises, and real-world examples. You'll be writing Python code in no time!üî• Learn by Doing: Forget boring theory! You'll work on real data, explore machine learning basics, and build projects that make your learning stick.üìä Master the Must-Know Tools: Learn Pandas for data manipulation, Matplotlib for stunning visualizations, and much more!üéØ Your First Data Science Projects: From analyzing trends to predicting outcomes‚Äîyou‚Äôll create projects that matter!üíº Boost Your Career Prospects: Python is the #1 language for data science and tech jobs. Start learning today and stay ahead in the job market!üîπ Don't get left behind! The world of data science is moving fast‚Äîjump in now before it's too late! For the price of a coffee, you can invest in your future and start your journey today!üìò Get your copy NOW and start coding in Python today!",e603887a83c5115b25a4f52b3c5ae8fab4a99d0fb8e242521dab87d8697dd0f4,N/A,N/A,"November 12, 2024",2024,amazon,Python and data Science: A Practical Guide for Absolut Beginners,https://www.amazon.com/Python-data-Science-Practical-Beginners-ebook/dp/B0DMV6YXS5/ref=sr_1_17?dib=eyJ2IjoiMSJ9.k2OZYGnsqQiylNPQQb8PiJyawpqP8fmoFypYjqmYZhl_dy0Hidyai9elPN9qIhmTYaqcVj53svNZfCp9jtJW7eLMK0TE0zR1_MjfLmSjpQBsfBpU5v2G8qRmBUWl5nAf7pjViyqS7-6KxzKFpdpAUC2LiaYE-qqAJJDjRgfo0smKRvJJJ2yuhgIKy4akIdDjknKsamDNKI_EuWq56dduNj4W5fh7VkHAtCNMxzx-nsE.AoXcJVwAVGN0u6cn611_RifPjO_CdRWLFjADH7ud4cI&dib_tag=se&keywords=Data+Science+with+Python&qid=1749169368&sr=8-17
B01N9PL553,['Oliver Theobald'],"Learn data analytics without drowning in formulas or jargon‚ÄîNo experience needed!Data Analytics for Absolute Beginners is your no-stress, no-nonsense guide to understanding and applying data analysis‚Äîeven if you've never worked with data before. This hands-on, beginner-friendly guide is packed with practical examples, visual explanations, and two bonus Python exercises (with video tutorials) to walk you through real-world analysis scenarios.Using a ""Lego set"" approach, each chapter builds on the last‚Äîcell by cell, bit by bit‚Äîto give you the practical foundation to succeed in today's data-driven world‚Äîwithout getting bogged down by complexity. By the end of the book, you will have the practical knowledge to tackle real data problems in your organization or daily life.Inside this book:‚Ä¢ How to recognize the common data types every data scientist needs to master‚Ä¢ Where to store your data, including Big Data‚Ä¢ New trends in data analytics, including what is Alternative Data and why few people know about it!‚Ä¢ How to explain the distinction between Data Mining, Machine Learning, and  Analytics to your colleagues‚Ä¢ When and how to use Regression Analysis, Classification, Clustering, Association Analysis, and NLP‚Ä¢ How to make better business decisions using Data Visualization and Business IntelligencePerfect for:‚Ä¢ Anyone looking for a practical data analyst book for beginners‚Ä¢ Students and professionals needing a hands-on data analytics textbook‚Ä¢ Readers who found ""Data Analytics for Dummies"" too scattered‚Ä¢ Those curious to learn data analytics for business or career growth‚Ä¢ First-time readers of data science books for beginnersWhether you're diving into spreadsheets, exploring business data dashboards, or just want to better understand how data shapes the world, Data Analytics for Absolute Beginners makes data analysis clear, approachable, and actionable.Start unlocking insights from your data‚Äîwithout needing a computer science degree! Buy a copy now to start learning data analytics!",d463f893bbdba98284784ea8d9ae2355f747a4984c5c8892ba58dff4e9edfba5,N/A,N/A,"January 6, 2017",2017,amazon,"Data Analytics for Absolute Beginners: Make Decisions Using Every Variable: (Introduction to Data, Data Visualization, Business Intelligence & Machine ... Data Science & Python Books for Beginners)",https://www.amazon.com/Data-Mining-beginners-introduction-analytics-ebook/dp/B01N9PL553/ref=sr_1_18?dib=eyJ2IjoiMSJ9.k2OZYGnsqQiylNPQQb8PiJyawpqP8fmoFypYjqmYZhl_dy0Hidyai9elPN9qIhmTYaqcVj53svNZfCp9jtJW7eLMK0TE0zR1_MjfLmSjpQBsfBpU5v2G8qRmBUWl5nAf7pjViyqS7-6KxzKFpdpAUC2LiaYE-qqAJJDjRgfo0smKRvJJJ2yuhgIKy4akIdDjknKsamDNKI_EuWq56dduNj4W5fh7VkHAtCNMxzx-nsE.AoXcJVwAVGN0u6cn611_RifPjO_CdRWLFjADH7ud4cI&dib_tag=se&keywords=Data+Science+with+Python&qid=1749169368&sr=8-18
3031489551,"['Laura Igual', 'Santi Segu√≠', 'Jordi Vitri√†', 'Eloi Puertas', 'Petia Radeva', 'Oriol Pujol', 'Sergio Escalera', 'Francesc Dant√≠']","This accessible and classroom-tested textbook/reference presents an introduction to the fundamentals of the interdisciplinary field of data science. The coverage spans key concepts from statistics, machine/deep learning and responsible data science, useful techniques for network analysis and natural language processing, and practical applications of data science such as recommender systems or sentiment analysis. Topics and features:Provides numerous practical case studies using real-world data throughout the book Supports understanding through hands-on experience of solving data science problems using Python Describes concepts, techniques and tools for statistical analysis, machine learning, graph analysis, natural language processing, deep learning and responsible data scienceReviews a range of applications of data science, including recommender systems and sentiment analysis of text data Provides supplementary code resources and data at an associated website This practically-focused textbook provides an ideal introduction to the field for upper-tier undergraduate and beginning graduate students from computer science, mathematics, statistics, and other technical disciplines. The work is also eminently suitable for professionals on continuous education short courses, and to researchers following self-study courses.",6e7a642d4c48cd5b1b5ba809bee74d3ab02879d8f4ae85259f12f77e09d3dea5,3031489551,978-3031489556,"April 13, 2024",2024,amazon,"Introduction to Data Science: A Python Approach to Concepts, Techniques and Applications (Undergraduate Topics in Computer Science)",https://www.amazon.com/Introduction-Data-Science-Applications-Undergraduate/dp/3031489551/ref=sr_1_19?dib=eyJ2IjoiMSJ9.k2OZYGnsqQiylNPQQb8PiJyawpqP8fmoFypYjqmYZhl_dy0Hidyai9elPN9qIhmTYaqcVj53svNZfCp9jtJW7eLMK0TE0zR1_MjfLmSjpQBsfBpU5v2G8qRmBUWl5nAf7pjViyqS7-6KxzKFpdpAUC2LiaYE-qqAJJDjRgfo0smKRvJJJ2yuhgIKy4akIdDjknKsamDNKI_EuWq56dduNj4W5fh7VkHAtCNMxzx-nsE.AoXcJVwAVGN0u6cn611_RifPjO_CdRWLFjADH7ud4cI&dib_tag=se&keywords=Data+Science+with+Python&qid=1749169368&sr=8-19
B0DRSB5M2X,['Anshuman Mishra'],""" Data Science with Python: A Complete Guide with Practical Examples and MCQs‚Äù "" is a comprehensive guide designed for both beginners and intermediate learners who want to dive deep into the world of data science using Python. This book offers a detailed, structured approach to understanding key data science concepts while providing hands-on examples and real-world applications. It is ideal for students, professionals, and anyone looking to enhance their data analysis skills using Python.Key Features:Step-by-Step LearningEach chapter introduces a new concept in a clear, easy-to-follow format. The book starts with the basics and gradually builds up to more advanced topics, ensuring that readers can master the concepts at their own pace.Practical ExamplesEvery chapter includes practical examples to help readers apply the theory to real-life datasets. These hands-on projects allow readers to practice what they learn and build their own data science projects.MCQs for Concept ReinforcementAt the end of each chapter, multiple-choice questions (MCQs) are provided to test readers‚Äô understanding. These MCQs help solidify the knowledge gained in the chapter and prepare readers for real-world data science challenges and interviews.Comprehensive CoverageThe book covers essential topics such as Python basics, data collection, data cleaning, data visualization, exploratory data analysis (EDA), machine learning algorithms, model evaluation, and advanced topics like deep learning and natural language processing (NLP). The book also includes several case studies for applying the concepts learned in real-world scenarios.Hands-on ApproachThe book emphasizes a practical approach to learning. Readers will work with popular Python libraries such as Pandas, Matplotlib, Seaborn, Scikit-learn, and TensorFlow to perform data manipulation, create visualizations, and build machine learning models.Perfect for Career AdvancementWhether you are preparing for a data science interview, a job in data analytics, or just want to enhance your skillset, this book will guide you through the essential tools and techniques you need to succeed in the growing field of data science.Why This Book?Clear and Simple: The book breaks down complex data science topics into easy-to-understand concepts, making it accessible to beginners and those without a strong mathematical background.Real-World Applications: By including real datasets and practical examples, this book helps you understand how to apply data science techniques to solve real-world problems.Comprehensive and In-depth: From the basics of Python programming to advanced machine learning algorithms, this book covers everything you need to know to become proficient in data science.Whether you're just starting your data science journey or looking to deepen your knowledge and skills, ""Mastering Data Science with Python"" is the ultimate resource to help you achieve your goals. This book is a perfect blend of theory, practical examples, and assessments, making it an invaluable guide for anyone serious about mastering data science.",ef23faccb97950f7f4762c114864431f3eb0d48e253b82b4c6bc9fc1e09881b6,N/A,N/A,"December 27, 2024",2024,amazon,Data Science with Python: A Complete Guide with Practical Examples and MCQs (Python Programming),https://www.amazon.com/Data-Science-Python-Practical-Programming-ebook/dp/B0DRSB5M2X/ref=sr_1_20?dib=eyJ2IjoiMSJ9.k2OZYGnsqQiylNPQQb8PiJyawpqP8fmoFypYjqmYZhl_dy0Hidyai9elPN9qIhmTYaqcVj53svNZfCp9jtJW7eLMK0TE0zR1_MjfLmSjpQBsfBpU5v2G8qRmBUWl5nAf7pjViyqS7-6KxzKFpdpAUC2LiaYE-qqAJJDjRgfo0smKRvJJJ2yuhgIKy4akIdDjknKsamDNKI_EuWq56dduNj4W5fh7VkHAtCNMxzx-nsE.AoXcJVwAVGN0u6cn611_RifPjO_CdRWLFjADH7ud4cI&dib_tag=se&keywords=Data+Science+with+Python&qid=1749169368&sr=8-20
1400248353,['Justin Evans'],"Data is not about number crunching. It‚Äôs about ideas. And when used properly (read: ethically), it is the problem solver of our time.Yet many savvy people seem to be in data denial: they don‚Äôt think they need to understand data, or it‚Äôs too complicated, or worse, using it is somehow unethical. Yet as data and AI (just an accelerated way to put data to work) move to the center of professional and civic life, every professional and citizen needs to harness this power.In The Little Book of Data, each chapter illustrates one of the core principles of solving problems with data by featuring an expert who has solved a big problem with data‚Äîfrom the entrepreneur creating a ‚Äúloneliness score‚Äù to the epidemiologist trying to save lives by finding disease ‚Äúhotspots.‚ÄùThe stories are told in a fast-moving, vivid, sometimes comic style, and cover a wide frame of reference from adtech to climate tech, the bubonic plague, tiny submarines, genomics, railroads, bond ratings, and meat grading. (That‚Äôs right. Meat.)Along the way Evans injects lessons from his own career journey and offers practical thought-starters for readers to apply to their own organizations.By reading The Little Book of Data, you will achieve the fluency to apply your data superpowers to your own mission and challenges‚Äîand you will have fun along the way.You will be, in other words, a data person.",b77888e9908aa9c0b4856f2d5ecf08bdac0748efa1ebb2a4f97fbb820389da3a,1400248353,978-1400248353,"June 3, 2025",2025,amazon,"The Little Book of Data: Understanding the Powerful Analytics that Fuel AI, Make or Break Careers, and Could Just End Up Saving the World",https://www.amazon.com/Little-Book-Data-Understanding-Analytics/dp/1400248353/ref=sr_1_21_sspa?dib=eyJ2IjoiMSJ9.k2OZYGnsqQiylNPQQb8PiJyawpqP8fmoFypYjqmYZhl_dy0Hidyai9elPN9qIhmTYaqcVj53svNZfCp9jtJW7eLMK0TE0zR1_MjfLmSjpQBsfBpU5v2G8qRmBUWl5nAf7pjViyqS7-6KxzKFpdpAUC2LiaYE-qqAJJDjRgfo0smKRvJJJ2yuhgIKy4akIdDjknKsamDNKI_EuWq56dduNj4W5fh7VkHAtCNMxzx-nsE.AoXcJVwAVGN0u6cn611_RifPjO_CdRWLFjADH7ud4cI&dib_tag=se&keywords=Data+Science+with+Python&qid=1749169368&sr=8-21-spons&sp_csd=d2lkZ2V0TmFtZT1zcF9idGY&psc=1
1119698723,['Dick Kusleika'],"Large corporations like IBM and Oracle are using Excel dashboards and reports as a Business Intelligence tool, and many other smaller businesses are looking to these tools in order to cut costs for budgetary reasons. An effective analyst not only has to have the technical skills to use Excel in a productive manner but must be able to synthesize data into a story, and then present that story in the most impactful way. Microsoft shows its recognition of this with Excel.¬† In Excel, there is a major focus on business intelligence and visualization.¬† Data Visualization with Excel Dashboards and Reports fills the gap between handling data and synthesizing data into meaningful reports.¬† This title will show readers how to think about their data in ways other than columns and rows.Most Excel books do a nice job discussing the individual functions and tools that can be used to create an ""Excel Report"".¬† Titles on Excel charts, Excel pivot tables, and other books that focus on ""Tips and Tricks"" are useful in their own right; however they don't hit the mark for most data analysts.¬† The primary reason these titles miss the mark is they are too focused on the mechanical aspects of building a chart, creating a pivot table, or other functionality.¬† They don't offer these topics in the broader picture by showing how to present and report data in the most effective way.What are the most meaningful ways to show trending?¬† How do you show relationships in data?¬† When is showing variances more valuable than showing actual data values?¬†¬† How do you deal with outliers?¬† How do you bucket data in the most meaningful way?¬† How do you show impossible amounts of data without inundating your audience?¬† In Data Visualization with Excel Reports and Dashboards, readers will get answers to all of these questions. Part technical manual, part analytical guidebook; this title will help Excel users go from reporting data with simple tables full of dull numbers, to creating hi-impact reports and dashboards that will wow management both visually and substantively. This book offers a comprehensive review of a wide array of technical and analytical concepts that will help users create meaningful reports and dashboards.After reading this book, the reader will be able to:Analyze large amounts of data and report their data in a meaningful wayGet better visibility into data from different perspectivesQuickly slice data into various views on the flyAutomate redundant reporting and analysesCreate impressive dashboards and What-If analysesUnderstand the fundamentals of effective visualizationVisualize performance comparisonsVisualize changes and trends over time",9676400998cbf5124c2dc3ed129f382545c76385188fc96c3740d2ca9f420549,1119698723,978-1119698722,"February 17, 2021",2021,amazon,Data Visualization with Excel Dashboards and Reports,https://www.amazon.com/Data-Visualization-Excel-Dashboards-Reports/dp/1119698723/ref=sr_1_22_sspa?dib=eyJ2IjoiMSJ9.k2OZYGnsqQiylNPQQb8PiJyawpqP8fmoFypYjqmYZhl_dy0Hidyai9elPN9qIhmTYaqcVj53svNZfCp9jtJW7eLMK0TE0zR1_MjfLmSjpQBsfBpU5v2G8qRmBUWl5nAf7pjViyqS7-6KxzKFpdpAUC2LiaYE-qqAJJDjRgfo0smKRvJJJ2yuhgIKy4akIdDjknKsamDNKI_EuWq56dduNj4W5fh7VkHAtCNMxzx-nsE.AoXcJVwAVGN0u6cn611_RifPjO_CdRWLFjADH7ud4cI&dib_tag=se&keywords=Data+Science+with+Python&qid=1749169368&sr=8-22-spons&sp_csd=d2lkZ2V0TmFtZT1zcF9idGY&psc=1
