title,hash,isbn,authors,publication_year,category,url,description,tags,site
title,hash,isbn,authors,publication_year,category,url,description,tags,site
title,hash,isbn,authors,publication_year,category,url,description,tags,site
title,hash,isbn,authors,publication_year,category,url,description,tags,site
title,hash,isbn,authors,publication_year,category,url,description,tags,site
title,hash,isbn,authors,publication_year,category,url,description,tags,site
title,hash,isbn,authors,publication_year,category,url,description,tags,site
title,hash,isbn,authors,publication_year,category,url,description,tags,site
title,hash,isbn,authors,publication_year,category,url,description,tags,site
title,hash,isbn,authors,publication_year,category,url,description,tags,site
title,hash,isbn,authors,publication_year,category,url,description,tags,site
title,hash,isbn,authors,publication_year,category,url,description,tags,site
title,hash,isbn,authors,publication_year,category,url,description,tags,site
title,hash,isbn,authors,publication_year,category,url,description,tags,site
title,hash,isbn,authors,publication_year,category,url,description,tags,site
title,hash,isbn,authors,publication_year,category,url,description,tags,site
title,hash,isbn,authors,publication_year,category,url,description,tags,site
title,hash,isbn,authors,publication_year,category,url,description,tags,site
title,hash,isbn,authors,publication_year,category,url,description,tags,site
title,hash,isbn,authors,publication_year,category,url,description,tags,site
title,hash,isbn,authors,publication_year,category,url,description,tags,site
title,hash,isbn,authors,publication_year,category,url,description,tags,site
title,hash,isbn,authors,publication_year,category,url,description,tags,site
title,hash,isbn,authors,publication_year,category,url,description,tags,site
title,hash,isbn,authors,publication_year,category,url,description,tags,site
title,hash,isbn,authors,publication_year,category,url,description,tags,site
title,hash,isbn,authors,publication_year,category,url,description,tags,site
title,hash,isbn,authors,publication_year,category,url,description,tags,site
title,hash,isbn,authors,publication_year,category,url,description,tags,site
title,hash,isbn,authors,publication_year,category,url,description,tags,site
title,hash,isbn,authors,publication_year,category,url,description,tags,site
title,hash,isbn,authors,publication_year,category,url,description,tags,site
title,hash,isbn,authors,publication_year,category,url,description,tags,site
title,hash,isbn,authors,publication_year,category,url,description,tags,site
title,hash,isbn,authors,publication_year,category,url,description,tags,site
title,hash,isbn,authors,publication_year,category,url,description,tags,site
title,hash,isbn,authors,publication_year,category,url,description,tags,site
title,hash,isbn,authors,publication_year,category,url,description,tags,site
title,hash,isbn,authors,publication_year,category,url,description,tags,site
title,hash,isbn,authors,publication_year,category,url,description,tags,site
title,hash,isbn,authors,publication_year,category,url,description,tags,site
title,hash,isbn,authors,publication_year,category,url,description,tags,site
title,hash,isbn,authors,publication_year,category,url,description,tags,site
title,hash,isbn,authors,publication_year,category,url,description,tags,site
title,hash,isbn,authors,publication_year,category,url,description,tags,site
title,hash,isbn,authors,publication_year,category,url,description,tags,site
title,hash,isbn,authors,publication_year,category,url,description,tags,site
title,hash,isbn,authors,publication_year,category,url,description,tags,site
title,hash,isbn,authors,publication_year,category,url,description,tags,site
title,hash,isbn,authors,publication_year,category,url,description,tags,site
title,hash,isbn,authors,publication_year,category,url,description,tags,site
title,hash,isbn,authors,publication_year,category,url,description,tags,site
title,hash,isbn,authors,publication_year,category,url,description,tags,site
title,hash,isbn,authors,publication_year,category,url,description,tags,site
title,hash,isbn,authors,publication_year,category,url,description,tags,site
title,hash,isbn,authors,publication_year,category,url,description,tags,site
title,hash,isbn,authors,publication_year,category,url,description,tags,site
title,hash,isbn,authors,publication_year,category,url,description,tags,site
title,hash,isbn,authors,publication_year,category,url,description,tags,site
title,hash,isbn,authors,publication_year,category,url,description,tags,site
title,hash,isbn,authors,publication_year,category,url,description,tags,site
title,hash,isbn,authors,publication_year,category,url,description,tags,site
title,hash,isbn,authors,publication_year,category,url,description,tags,site
title,hash,isbn,authors,publication_year,category,url,description,tags,site
title,hash,isbn,authors,publication_year,category,url,description,tags,site
title,hash,isbn,authors,publication_year,category,url,description,tags,site
title,hash,isbn,authors,publication_year,category,url,description,tags,site
title,hash,isbn,authors,publication_year,category,url,description,tags,site
title,hash,isbn,authors,publication_year,category,url,description,tags,site
title,hash,isbn,authors,publication_year,category,url,description,tags,site
title,hash,isbn,authors,publication_year,category,url,description,tags,site
title,hash,isbn,authors,publication_year,category,url,description,tags,site
title,hash,isbn,authors,publication_year,category,url,description,tags,site
title,hash,isbn,authors,publication_year,category,url,description,tags,site
title,hash,isbn,authors,publication_year,category,url,description,tags,site
title,hash,isbn,authors,publication_year,category,url,description,tags,site
title,hash,isbn,authors,publication_year,category,url,description,tags,site
title,hash,isbn,authors,publication_year,category,url,description,tags,site
title,hash,isbn,authors,publication_year,category,url,description,tags,site
title,hash,isbn,authors,publication_year,category,url,description,tags,site
title,hash,isbn,authors,publication_year,category,url,description,tags,site
title,hash,isbn,authors,publication_year,category,url,description,tags,site
title,hash,isbn,authors,publication_year,category,url,description,tags,site
title,hash,isbn,authors,publication_year,category,url,description,tags,site
title,hash,isbn,authors,publication_year,category,url,description,tags,site
title,hash,isbn,authors,publication_year,category,url,description,tags,site
title,hash,isbn,authors,publication_year,category,url,description,tags,site
title,hash,isbn,authors,publication_year,category,url,description,tags,site
title,hash,isbn,authors,publication_year,category,url,description,tags,site
title,hash,isbn,authors,publication_year,category,url,description,tags,site
title,hash,isbn,authors,publication_year,category,url,description,tags,site
title,hash,isbn,authors,publication_year,category,url,description,tags,site
title,hash,isbn,authors,publication_year,category,url,description,tags,site
title,hash,isbn,authors,publication_year,category,url,description,tags,site
title,hash,isbn,authors,publication_year,category,url,description,tags,site
title,hash,isbn,authors,publication_year,category,url,description,tags,site
title,hash,isbn,authors,publication_year,category,url,description,tags,site
title,hash,isbn,authors,publication_year,category,url,description,tags,site
title,hash,isbn,authors,publication_year,category,url,description,tags,site
title,hash,isbn,authors,publication_year,category,url,description,tags,site
title,hash,isbn,authors,publication_year,category,url,description,tags,site
title,hash,isbn,authors,publication_year,category,url,description,tags,site
title,hash,isbn,authors,publication_year,category,url,description,tags,site
title,hash,isbn,authors,publication_year,category,url,description,tags,site
title,hash,isbn,authors,publication_year,category,url,description,tags,site
title,hash,isbn,authors,publication_year,category,url,description,tags,site
title,hash,isbn,authors,publication_year,category,url,description,tags,site
title,hash,isbn,authors,publication_year,category,url,description,tags,site
title,hash,isbn,authors,publication_year,category,url,description,tags,site
title,hash,isbn,authors,publication_year,category,url,description,tags,site
title,hash,isbn,authors,publication_year,category,url,description,tags,site
title,hash,isbn,authors,publication_year,category,url,description,tags,site
title,hash,isbn,authors,publication_year,category,url,description,tags,site
title,hash,isbn,authors,publication_year,category,url,description,tags,site
title,hash,isbn,authors,publication_year,category,url,description,tags,site
title,hash,isbn,authors,publication_year,category,url,description,tags,site
title,hash,isbn,authors,publication_year,category,url,description,tags,site
title,hash,isbn,authors,publication_year,category,url,description,tags,site
title,hash,isbn,authors,publication_year,category,url,description,tags,site
title,hash,isbn,authors,publication_year,category,url,description,tags,site
title,hash,isbn,authors,publication_year,category,url,description,tags,site
title,hash,isbn,authors,publication_year,category,url,description,tags,site
title,hash,isbn,authors,publication_year,category,url,description,tags,site
title,hash,isbn,authors,publication_year,category,url,description,tags,site
title,hash,isbn,authors,publication_year,category,url,description,tags,site
title,hash,isbn,authors,publication_year,category,url,description,tags,site
title,hash,isbn,authors,publication_year,category,url,description,tags,site
title,hash,isbn,authors,publication_year,category,url,description,tags,site
title,hash,isbn,authors,publication_year,category,url,description,tags,site
title,hash,isbn,authors,publication_year,category,url,description,tags,site
title,hash,isbn,authors,publication_year,category,url,description,tags,site
title,hash,isbn,authors,publication_year,category,url,description,tags,site
title,hash,isbn,authors,publication_year,category,url,description,tags,site
title,hash,isbn,authors,publication_year,category,url,description,tags,site
title,hash,isbn,authors,publication_year,category,url,description,tags,site
title,hash,isbn,authors,publication_year,category,url,description,tags,site
title,hash,isbn,authors,publication_year,category,url,description,tags,site
title,hash,isbn,authors,publication_year,category,url,description,tags,site
title,hash,isbn,authors,publication_year,category,url,description,tags,site
title,hash,isbn,authors,publication_year,category,url,description,tags,site
title,hash,isbn,authors,publication_year,category,url,description,tags,site
title,hash,isbn,authors,publication_year,category,url,description,tags,site
title,hash,isbn,authors,publication_year,category,url,description,tags,site
title,hash,isbn,authors,publication_year,category,url,description,tags,site
title,hash,isbn,authors,publication_year,category,url,description,tags,site
title,hash,isbn,authors,publication_year,category,url,description,tags,site
title,hash,isbn,authors,publication_year,category,url,description,tags,site
title,hash,isbn,authors,publication_year,category,url,description,tags,site
title,hash,isbn,authors,publication_year,category,url,description,tags,site
title,hash,isbn,authors,publication_year,category,url,description,tags,site
title,hash,isbn,authors,publication_year,category,url,description,tags,site
title,hash,isbn,authors,publication_year,category,url,description,tags,site
title,hash,isbn,authors,publication_year,category,url,description,tags,site
title,hash,isbn,authors,publication_year,category,url,description,tags,site
title,hash,isbn,authors,publication_year,category,url,description,tags,site
title,hash,isbn,authors,publication_year,category,url,description,tags,site
title,hash,isbn,authors,publication_year,category,url,description,tags,site
title,hash,isbn,authors,publication_year,category,url,description,tags,site
title,hash,isbn,authors,publication_year,category,url,description,tags,site
title,hash,isbn,authors,publication_year,category,url,description,tags,site
title,hash,isbn,authors,publication_year,category,url,description,tags,site
title,hash,isbn,authors,publication_year,category,url,description,tags,site
title,hash,isbn,authors,publication_year,category,url,description,tags,site
title,hash,isbn,authors,publication_year,category,url,description,tags,site
title,hash,isbn,authors,publication_year,category,url,description,tags,site
title,hash,isbn,authors,publication_year,category,url,description,tags,site
title,hash,isbn,authors,publication_year,category,url,description,tags,site
title,hash,isbn,authors,publication_year,category,url,description,tags,site
title,hash,isbn,authors,publication_year,category,url,description,tags,site
title,hash,isbn,authors,publication_year,category,url,description,tags,site
title,hash,isbn,authors,publication_year,category,url,description,tags,site
title,hash,isbn,authors,publication_year,category,url,description,tags,site
title,hash,isbn,authors,publication_year,category,url,description,tags,site
title,hash,isbn,authors,publication_year,category,url,description,tags,site
title,hash,isbn,authors,publication_year,category,url,description,tags,site
